user,weightage
0x4d37f2a705377ac4c0827b79a8a4b84267b03ea1,0.004106776181
0x1e6f87a9ddf744af31157d8daa1e3025648d042d,0.004106776181
0x90c1ad43d2ea8bf671278865665511747a0b9141,0.003696098563
0xb47b790076050423888cde9ebb2d5cb86544f327,0.003696098563
0x4a90645361edf5e1ac27da07cb42813440007c88,0.003696098563
0xa34d27287def3766c8adeefc38cd7264debf6ffc,0.003696098563
0xd92a39156e23cd5e68522d62ff9eb137467ae1be,0.003285420945
0xf36d4472da0d7072a6b6c54b73a02519e40024e9,0.003285420945
0xf9f9fe98282e55c8c243ee985b0b50df97d54d54,0.003285420945
0x5d620f4ca6f261093b7b6c058ffcdb8439ffae4f,0.003285420945
0x87e21de231fa9bf7cf5e30e8ff5388e781e9080c,0.003285420945
0x81af8cd77673a5d96bb09ae2509cc0869a2a968a,0.003285420945
0x37848f9ab02ad4970e8335f0f2a3c72c1ef60bf7,0.003285420945
0xae4a71f2723297f71336b9be0421a7cb70734bb8,0.003285420945
0x3d9d7e6642af80a83fc06eb873dfb8d508379e80,0.003285420945
0x126a2deea0a9470bde79134c83a10ce947722e6a,0.003285420945
0xc8d5053c206a977828b762dde253ed9db37c18f5,0.002874743326
0x7fdd7c285398cf04733cadbb9517c5b5c3fa0b8e,0.002874743326
0x1615b5f768e3f47d76e3fd3b1a37c3c2950ebf9f,0.002874743326
0x1534c525d55f376f218af2f5b3f1a55071793677,0.002874743326
0xb4cb11e7a73ae3c3e1d666be2ec12a2c1e941fe8,0.002874743326
0x2188e5a9b77ae37b5ded4cd2ccd987ee070c7102,0.002874743326
0x64d12ce687c87b0c3f8a4b3c39e5972918d6a679,0.002874743326
0xdb68a50273fe2bb677c6cc150c1fabd33b71785e,0.002874743326
0x6b99038e11a4f14d7957d493d2af9959b45d9faa,0.002874743326
0xd8dc9762b2c0d51cb0098dbd4328adf8f01ab1a8,0.002874743326
0x7bcf30bbef70185d2942038597be666d455a680f,0.002874743326
0x8b10a66a8269a97b4284985b4c1afa0095b090ee,0.002874743326
0xbb6fbaa1f139e9bd6c3ee9fbb460b04828fedde0,0.002874743326
0xd283ff0cc83671368b5edb02521ee981e3dbc312,0.002874743326
0x8728e0083fb2d3665a23c56d977338ec1e2b1893,0.002874743326
0x8ea7b912e33bd10fa52a4e1be7ef2f0e3d96c33b,0.002874743326
0xd4c6a9c2217b830b53dbccb480b9307e30bd30cc,0.002874743326
0x58db6ec8a1be90c640c23755a87dc37ae560a3c0,0.002874743326
0xd74b632f0d3f4a781276a879d54e3ebb5acd3d72,0.002874743326
0xb10a1907fa6e7ef0d6d135e84ab72d80b529a752,0.002874743326
0x297f80166fc11f7521e03505ab1cc4910c5eb3da,0.002874743326
0x79a98a9f41051e119cad1b9ffefe523cd0be65f0,0.002874743326
0xd3b89f1e143202a55bc9cc2b71cd6cc7eba1ebec,0.002874743326
0x767c66fe3a81d0d7d5cd78c0fa2a809536ce8ed2,0.002874743326
0x4c2358a9ad2f25b94817d0e448fcfe15d7316db9,0.002874743326
0xa15817772b2fdca0ef3ba48bfba9d7c142373236,0.002874743326
0xa774e52fbb208e9602963cf0ed6d8ee54a7bb0aa,0.002874743326
0x5ed0819a135ec2098e3c255014cd98b0a211368f,0.002874743326
0xbb8d481c8f27080f7e57d49861c8ccefc9b42743,0.002464065708
0x9921af83a5aad3939384e26d11fccce72b6bc4f0,0.002464065708
0x0b010cd3e40625c92fc56c10f13dec447a997769,0.002464065708
0x1bff2dcba1b7a79186b5800135ac69b6ff72c468,0.002464065708
0x115667fb60cd06e20b73899eb6d0bfbecc55b063,0.002464065708
0x96a42530d1ade0c6223cfaf10a283e8f27757067,0.002464065708
0xd9e49d0cdc9c5d472ce69439cac19f352d8c7a00,0.002464065708
0x0711de882846c873b7125facd54631358ad1699f,0.002464065708
0xd3ba88d4aa4bc8d8c5bb7a10f940de36bf39b162,0.002464065708
0x962c66d5f1d1c763cb687cac13633e8a5e11ad1a,0.002464065708
0xb443e488b06a05129e4b9838450b8d63eb46c2eb,0.002464065708
0x99bfd1da00ca8f7076ae16c97bff35cd2206c39a,0.002464065708
0x4af1802028b5eec59baea3cff24d8be0ef65db71,0.002464065708
0xcede0ea306cc34b724e0b3aaef7898f0ee265219,0.002464065708
0x943dbb062f992e605cca985145deabde63baf159,0.002464065708
0x81e14e07493bd2a3ad29bb7dab1f26de9c98151b,0.002464065708
0x295541253f7117b231045a2286b87c28db657d57,0.002464065708
0xddfb168810fb63f96ac5e025a592e22f203b1751,0.002464065708
0xc872d62d08941db902e65bfcb473851993a306b2,0.002464065708
0x5dfe2e084b1e6770478f8544eb55a945b9d3ba09,0.002464065708
0xc72f3295b7fe847ec99e3a3c6dd6e90db5e1061b,0.002464065708
0x90226c4d694219e493f49fb4a092c6368cb28d32,0.002464065708
0x9554685a6fdd4ce34094dcdd09f4bc0cf3c414ce,0.002464065708
0x8ec0a48d034b665e4cc0d70329c3cad8e4057a5a,0.002464065708
0x3ba285a09b2d35854e56c4eb0390674e142865dc,0.002464065708
0x3605707845b2f8a3816d585c6859e6ab1bf56b47,0.002464065708
0x0d3ba6cf61fbf6e6e45afa30783e803cdf54f103,0.002464065708
0xaed89fc79779d6de4f8ada475b2e5a7273c6c3ef,0.002464065708
0x2bdf8167b0ec0cc0a9069659c3a563fa9d022b63,0.002464065708
0x85c5129d02eaeceed66628929a5279b742832a71,0.002464065708
0x773b573a68318eb5506016981452b249ebcd4443,0.002464065708
0x8cc79eca29a97b1aba5b9c37971e6373c4ee8c40,0.002464065708
0x5c94c4f8a3518de4d30d939d4e44e4dea3f4ecc3,0.002464065708
0xbdb7819a671b83e04800a98e00294a67d7d2ec7a,0.002464065708
0xebb847684f68a4bef89396ec54cec15adbdbca1a,0.002464065708
0x4d5f361e0017ee4734ff84c39e7f5159e17f87e0,0.002464065708
0xe1b13def16ee908bd8be4d8f338ca74fea1d8af1,0.002464065708
0x154d3a69af6e1fe23f5fa72bd47104450ebc1072,0.002464065708
0xecc3a354a908fccf0e3107a533362869dc8fad6f,0.00205338809
0x719a7158b87a49eaff11cab8feab098aec50b838,0.00205338809
0xf85a8bc30dcdb6fbd95b41099697f3b09ed79754,0.00205338809
0x6393707a243641a04ada84cecadf3533a797e2fd,0.00205338809
0x7c00f7e87af99693c6caa5429433e5419e7546ae,0.00205338809
0xbceb9733137f6584aee74939de8dd082da3fd94a,0.00205338809
0x567c3cf5a14aa2e8a32589fe3ea38c6680756026,0.00205338809
0xcefc5e2939afba40ad9297ec4201f6a2c43c2836,0.00205338809
0x16fddc90438afe0c80f839e1e86b09e69b76e258,0.00205338809
0xfc5f4762a44f1211d40d9f94bb5a0c1204d78fcf,0.00205338809
0x2f1f5f1fac04eb44b41e1072645fef3c87e80c9c,0.00205338809
0x34b871b8f7466b520de6123534bb82e0a7b442ab,0.00205338809
0x8a81dafbfa575c9992eb649ba3f370197f7de9b9,0.00205338809
0x2ff948e585d42dd1750aaf814fce288177fca27d,0.00205338809
0x07d31bb56e8c8167257fcf46f7f3a6d3a190977d,0.00205338809
0xfaa57ea65abaaa2234b0be1793d553aabc5ac634,0.00205338809
0xb57dfd51e67acf02a5d9fb6c9cf3bf356b374602,0.00205338809
0x43d945459428918f8b4a56db0815d3c673eff4af,0.00205338809
0xeeacb5d9225bc276fd91cdf20e75957efd7a22d5,0.00205338809
0x1fc8b9eba52d8b42380306682ad0e3c493967654,0.00205338809
0xb3722538cf1ddbafc51c76a58a163228a967b48f,0.00205338809
0xc7ce773a4d93a81a6f0534aef8b450c23245638f,0.00205338809
0x3e1143e34a24ae6a37ba346d992703402b88e186,0.00205338809
0x396afb2e3663f16319e6e8a0884911c70b2f7d0b,0.00205338809
0x71aaaafbda38957c04d7c11e6a552ee5701865e8,0.00205338809
0x7e14647626ac2e3d79b6423ba89108f484c7ac9a,0.00205338809
0xd2e4d89151bc25d5f9fca47c817449afd05c79aa,0.00205338809
0x2131ad7e7bb0f77ee893a3dc00b543b52a8e8f5f,0.00205338809
0x9bc2971fc1bc2bacb78d1d8ce725392cc7e72d33,0.00205338809
0xaa775cd46dde4a94a0e7927870eedde80fdf440c,0.00205338809
0x240361118e1322572373a94acc30d4fc451d9e33,0.00205338809
0x6ef372ccbbc484cfc5484ff305ac856a57fd1e51,0.00205338809
0x43bc34a1d6238ec03397130a55feea904cebc845,0.00205338809
0x60eea8218c73b23b3ea4755d24b754b84941fe17,0.00205338809
0x0caac18a58ab86c85764cf8c47fa69ecb3d8717b,0.00205338809
0x17c84a39630824cf67190969889311b834e418c8,0.00205338809
0xec4853481bb0ccafa6d4670de1d339076fdff002,0.00205338809
0x06254de3889f128be27d07559902416852a46106,0.00205338809
0x9a74e09e09e9989c84751533be5729f23d2fe636,0.00205338809
0xfafbbc7baf4e1bfbd5e88ded245843d90743d3ca,0.00205338809
0x9952108c4d8b1d73486b8534a9684fd887b37623,0.00205338809
0xbedb85f70c8e4bc888161b8413f3cbe1adedc22e,0.00205338809
0xd6b8bbcd887f2ff49465e4624e11d2bbf42e1c41,0.001642710472
0x089db23dc897bf280e46141381ef7cfc1572f269,0.001642710472
0xa0c5ee04a7ef548fa74052545dddc0ea600fdc3f,0.001642710472
0x3e71fc82712bd0f8db615e9a39feb7777fe7aed6,0.001642710472
0x8a72c47f190f2118227a83da784a2ce45c54f484,0.001642710472
0x61f671bb88b0ea3a94f2e3e75e980339f2c80379,0.001642710472
0x317e4b93e04e13269d3e601dc5f3c54447392e0f,0.001642710472
0xfcb7926e83b960af07fa9f28efab9d19ee686afb,0.001642710472
0xa5b505c40191ff9b0275cabb5594660117a24c6c,0.001642710472
0x1fbc1ace9969f4042b41ee3db4bbd16caf44a304,0.001642710472
0xfd6e41a5b3d0ae8da966b9ee77d21a1809b4e27c,0.001642710472
0x32a5ba49df32b0ed0139149e51dc0deb89ff572d,0.001642710472
0x84f114323673d98ef2583130bfa2197e53bc67b8,0.001642710472
0xa84306fa184dd8595763b70fdab278e66997157c,0.001642710472
0xd13911d2eeb1d02bc9f4a358fc4c660aa60a9adc,0.001642710472
0x17c2b67d19a06a926c6c763089706b9461e9ef6a,0.001642710472
0x9470312b3dfc1f0ab5436230e61b98c190684cca,0.001642710472
0xcb5a5ab698f52f2e587e5c8d428b4e244ff14478,0.001642710472
0xb1682a8bde9ad01a85a63cf2223bb1025523ba45,0.001642710472
0x6971142e007a71947c3d2663a4f17a158c4daa25,0.001642710472
0xab9da1597f94d38e5ae31075366f1863a89a22df,0.001642710472
0x3e8734ec146c981e3ed1f6b582d447dde701d90c,0.001642710472
0x8cd6435a4c64226bd5cc0e6839bff12f0fb72032,0.001642710472
0x9947a0dae6222c2a2a5b16563a51a974e4e5d06c,0.001642710472
0x5ae47a0a52c1e5e67e65bedd56d7fa399258fdd2,0.001642710472
0x7afb7175056997e72ac3a8a0a9608fa9a1413ee3,0.001642710472
0xbc11e4775bf5ec8b1a5567b4bf6a30424798555f,0.001642710472
0x9cf254f8142fb79b3e4e1cf23c42c74699fd0217,0.001642710472
0xe4f67a7591d3b8b4d73ecf44914f34f29786f4ff,0.001642710472
0x0e1f1a6eba4b2c178753856306b1cef807b09bce,0.001642710472
0xef24677e032a130f09658010193660a4e7aac1bd,0.001642710472
0x5132d6bbf7b868013e496d9d4dc5f0ec8af8dcc6,0.001642710472
0x873dedc08c68af519003fe8fd23a1122369bbaa2,0.001642710472
0xce2a50226ec33a0320e2a1bde5f6e504cd27a91d,0.001642710472
0x22b9f4452314ac6cd082c1834743e4e49e16afbb,0.001642710472
0x5a9bd63a46eec9a42062279a18fc7fb603fb07c2,0.001642710472
0x3e74f653665e5cd652414c6a54d823695f4694d2,0.001642710472
0xe42522396f0acc86338ebec2bb5b28559d20c1e0,0.001642710472
0xc2a0d0190d69c1ac46bab31d603a733d236ffb8e,0.001642710472
0xf3fe499606a2b3e6245e9fbdc53ae67a26ea9e2d,0.001642710472
0x460020d8e69bc202e1fc0cbba7bb901d68ed7458,0.001642710472
0xe364589219b734fe9ce25eb55f5f441858b7ae29,0.001642710472
0xa9a7203a76f721f301555314328b1c9adde51663,0.001642710472
0xd26ed38efcd3d4da76fc68a968d14aeeb9b2701c,0.001642710472
0xe4b0aa0dc4c73f8d4b78564d5100d544876199c7,0.001642710472
0x25e58696fbc8eb88301ee06a57f77d9f0715ec97,0.001642710472
0x0f559acec46f1b7e798bfb3f6e4c63789a0eafd7,0.001642710472
0x91dcf679c9f9ded20943587baeab5779d11e24ea,0.001642710472
0x6b87e1da78ffdfcff3d6ed53fbb27c1c2118ad60,0.001642710472
0x35cd7c2c1cffb49c2c9596c44ed6a34332787d24,0.001642710472
0x73514196b383ec7ee3cd9d2b676d3e01919ad90a,0.001642710472
0x14ac9b5a32da4ffc5dcb557bf4b855ba8443cd90,0.001642710472
0x7b668a346d70741d15a4b2876fb748a8f2665080,0.001642710472
0xe003eccee85c524e7b1f6b393f2fae594dbc17f3,0.001642710472
0x687b1b605fe78f507200ad611cf1f282511886c2,0.001642710472
0x5a4faf4d3d908a264c6963dd9771ed1b6e332cda,0.001232032854
0x1c6d419fa8a95f92d29efb782044719ced32eea8,0.001232032854
0xd206f2ed6c998e317268afdc8415988a2bc7db0a,0.001232032854
0x2b564fcf4159299793701cc75531c16aeced8c20,0.001232032854
0x023d9844f5d4a8c1dbdd432399d1eb13b14cbe06,0.001232032854
0x053c4c961a5ce18bcc3cd8e5184ca8eba50f3c0f,0.001232032854
0x32d079ee17bf3a88e8791940560e83598a36afaf,0.001232032854
0x86371cd511f956d8eaee87e50cdee9fba25ea1a5,0.001232032854
0x3d1f1c14f3f999f487be25aec458a54e70fedcb0,0.001232032854
0x2c6f1d449487863195847aafc5b7162b8da636e6,0.001232032854
0xc770971c8ff892a3487aee3aec55bb02d7856d84,0.001232032854
0xcd767f7a36d7015ae98947c909599559bd83af06,0.001232032854
0x06fff56e8139a509578a846efdee1e5278cd0e94,0.001232032854
0x982176c1ff82d0ef33c0168290e4ab950b9b4629,0.001232032854
0x6d539d9c9bb98533bdd958af34fe4760c9c30337,0.001232032854
0xef005a6338e5328daddc4273afecac15c6942176,0.001232032854
0x6684552c4d0e2ca12e535ed3da1f3dc765ecee9d,0.001232032854
0x3b93cbe3785b9b260db0540fac5011477de104df,0.001232032854
0xa13bb13609c3b9aabb8a4d5b4e9ecbaf502ca56e,0.001232032854
0x556b08caca0b8a1c52c84bcec2c8dd435271e8ec,0.001232032854
0x50fa50fa2032d85eb2dda303929bf56886aa9afb,0.001232032854
0x07e599e5882e49a48343ef8751507ebfde9d82c2,0.001232032854
0xa26febe0c4b183cc2b508addc389c9a4e166a013,0.001232032854
0xc8bc2afbb0be05bad357a5a58fc2d82513052ab1,0.001232032854
0x540b784553a11f5df29ce10c05e2c11a8f06b5c7,0.001232032854
0x445d79765a62c530b9e4ddefb30b07ba15bd4067,0.001232032854
0xb30c3acf582f273c5ce379c39e32720f651fdd92,0.001232032854
0x7a61e16be7f4c7bf63e978d9234ac7cef7dbbcbb,0.001232032854
0x9f94c7a32e9d3b7f91038d41af31af1234caadd8,0.001232032854
0x2e5865d7d6a014186eefc93ed0d659fbca6e5ff7,0.001232032854
0x46f37acde849f73c91578933b2119375e6af767c,0.001232032854
0xbc45eb8580228096a856a30da151ab22714b2660,0.001232032854
0x71e2e0b92e24e81b4fdd68a17374a351affcf568,0.001232032854
0x964fde8e411731abf0e151f6c50209840738687c,0.001232032854
0x9a1bfe16cdc94e4cb61c0c4dba73f702ad5fccb8,0.001232032854
0x6c993614c5a05d5260bfbee1897245b4bc53ade9,0.001232032854
0xaaade542b12525ca16d20144c99cdb3011f4a2ef,0.001232032854
0x5d0e593b94a46a0e79c65ff6aa63aca98b103bf9,0.001232032854
0x6e690075eedbc52244dd4822d9f7887d4f27442f,0.001232032854
0xb0fae6175f7e8719885fe0d02c473977c30446fa,0.001232032854
0x549afc82cb4c46b62c2283235d5d87790e8b0139,0.001232032854
0x36ebb0c934f2e776ce7bffa4c67aa4afdd0aed79,0.001232032854
0x15b5d2e804c271bc4493830a1ad232e10d5ea71c,0.001232032854
0xb439cdad9836cd48760d161888cce9ec922ad661,0.001232032854
0x4518a9d190703bfc60785baee55d5e357bfb2dc5,0.001232032854
0xb8d53bfd9ced80e0ccbae73e58bb7034bb540be1,0.001232032854
0x0b5aaa09175020a48357194965bcd5d9fcb6212c,0.001232032854
0x34dbf171b3519a56355412c1567b7bac6bf983bb,0.001232032854
0x47c5971bce20617100fd90a0207e4a4c537c00a7,0.001232032854
0x823a6e001d5e4581e52d8ca7988a11ed9adfadbf,0.001232032854
0x0d747045a078679e9287f75674d34ecd1b3cf6cf,0.001232032854
0xba02ccc6be0e5fc95004206798150593b1c273a8,0.001232032854
0x27057124d328dec9dee2d04f4e96956d51783e97,0.001232032854
0x69ad5106c0c22e6290d9ca0086ac0f5ca06bd4a1,0.001232032854
0xb2b8765cd20342506079d2e68e88ccb7df70f498,0.001232032854
0x2db5106a3940588bfcab728a9a654121f286d4f4,0.001232032854
0xfcd820c991173b6f6487a57f02a06d1d668fc64a,0.001232032854
0x22732912ba676cf9e407e2647554e3ab794e326f,0.001232032854
0x652a58dc38a1588110b9b864b4ff92178f5aa3a4,0.001232032854
0xc9164756f539d8caa6ac30ab41d30044ce103d03,0.001232032854
0x644877cfeeb9729c8fa9da8e48485c394c02625a,0.001232032854
0x546b7f100c3b74b180e2c85dc24452280436ca5e,0.001232032854
0x051bda1a871ac47ad73fb3528081fcd2ee7dff07,0.001232032854
0xd1fb64459d5680367ee1ea7116448e3e305324cd,0.001232032854
0xc6e2760fc69d4626820c6890323a4d747189b5d5,0.001232032854
0x97c4a04bca5597f3812ebf6c3ef67a56fa798072,0.001232032854
0xfc44bbd56d09d33bd47943f4dd4f920dd4834327,0.001232032854
0x10a34e91fa862f4013e2210f7239bbc357fe1da8,0.001232032854
0xb8f3c302547a2d63c7969f6dacf8e5c7a4c6b298,0.001232032854
0x72d25e4e0daa32507931775d9da8982547978baa,0.001232032854
0xf38e5866d59c1a8024eb0ae1efc9ebb748b5b5c5,0.001232032854
0xc264f5189bd7ffc67c551bb48face5f117b43d55,0.001232032854
0x2c193e7e1981edbd7535988e4c09cbdb4ce0f2a0,0.001232032854
0x559b4492f6d3e3d4e24d051a4d3274ba568c6408,0.001232032854
0x6a34c2f0527edea1dfdfa6569b374a5e902a27e7,0.001232032854
0x20d65bd07c43751b56f32f55ba7c30584387465b,0.001232032854
0x9d2fe2a9b39db90e5d6f9b815ea060125b1a1728,0.001232032854
0x91282d4550f3619e37fefb18435799ac2ec20b6d,0.001232032854
0x0eb57690c5182b41e762afdfa2c3870400c978cf,0.001232032854
0x7c31d657654a309ffde0f62397f520cf9d5624fa,0.001232032854
0xe28ae30ba1239e69c301c4be80a47fba0ecfb279,0.001232032854
0xc2055bc694359ce9cf0a6493990808da2ec8d4f8,0.001232032854
0x0d807020db7d96ef48f32dda3f794d6354e1429e,0.001232032854
0xddb001be5d92eb39c8dfe5f7ebdca303ec85f1af,0.001232032854
0x7cb92a861f92063865e5c63274e74ce4ca03da8f,0.001232032854
0x3333c7895670b2eb2c235f919642820e98e7acac,0.001232032854
0xb16f84a4354eb3e25da5e2087dc25d21cc5a6b80,0.001232032854
0x88d4eace8259b1eff6e93446c9d2000c931fe26a,0.001232032854
0x147dcae893b73d19d4d0e4054208d3a35df03f6b,0.001232032854
0x6c2693f5a936f37ed03cfa8465bf2d8beff19a0f,0.001232032854
0x3ad2cd5d3760d745fa55a86aeed3f34161ade78f,0.001232032854
0x3a01d9e76df9d9f61fd6b9268171d6b6a52392fd,0.001232032854
0x80039dc3d5bb48ec4bd822c4e8828574fdcc51a6,0.001232032854
0xd897488b4a37eb8ee5818216a38fa4ea48ed8fa8,0.001232032854
0xc33fe2d118db2773585faf9d6e322176f38240f9,0.001232032854
0x858557a356433941adff1ca0a301ffe8878f8ed4,0.001232032854
0x23e8972db5700bf470108f6acc7a385561e029dd,0.001232032854
0xedfbac5beafa071b5db15fdd4a53d503539b18cb,0.001232032854
0x4f49d938c3ad2437c52eb314f9bd7bdb7fa58da9,0.001232032854
0xe1839ff0983942f01532e3835a246ae170c6b4df,0.001232032854
0x4431c38d7faad1b871ec51b843e95eaac504881b,0.001232032854
0xd727ff0342c436ab499e9b41fabf18bda0798533,0.001232032854
0x83a116c5a63d0bdb50256f2f34317cac5cd26f53,0.001232032854
0x5266c8b79fe1524ca93516237a6b40102c509bbe,0.001232032854
0x2b74d734133c8159568e871e3b55601047063653,0.001232032854
0x0e02d8ddcb2167e45cf9ab7f8ea6f67a46b18e20,0.001232032854
0x009887c724577eea7430a5e464ed6ca55d6d2668,0.001232032854
0x58fa21340541762b3b6885ba442e494383178682,0.001232032854
0x95795630b5a0c669b3bce134dbead5bc5367eec4,0.0008213552361
0x2b842bb75f2dba0cc7c93e52b2d376fc353265a0,0.0008213552361
0x8cfb6c2d865b3879fda38ff198d81d5a55368987,0.0008213552361
0x06ad5c4392ad58d47e8eddd36194e6ff2325be50,0.0008213552361
0xad2580cefe08749a7d2aee23857734649bbd8713,0.0008213552361
0xdbb82cb6167279c7154a3ef0ee930891ece0a3ae,0.0008213552361
0x02e853385dad3053caaed891f46e2d4bb124d1c9,0.0008213552361
0x2e85c185ac4f0d68a71e935dfd8291837682ffa0,0.0008213552361
0x181d40b432c24e2bfc9508a7d895d550f331b788,0.0008213552361
0xb506bea1f088472f8f232d59d3491ef86d096c9c,0.0008213552361
0xae35f25d082b33db3d3a8d37f41e12ff2f979071,0.0008213552361
0xb928d8084c6c4b23cde812e33eb7f048d82d3840,0.0008213552361
0x3609f07c6d34b6c035a7af82659d7276b8f6c2b6,0.0008213552361
0x70cf6f397448a6899ba992fc4877c98e89a084f9,0.0008213552361
0x4c9874e1508cad48d98cff37fad4551ba52c91e8,0.0008213552361
0x2ac983ef23da8109cf86966fbc45e1fa50709123,0.0008213552361
0x0fc59c9c998537c940a9dfc7dacde533a9c496fe,0.0008213552361
0xc53f7c06e95e010a7e2a4f2e692c8587e8de75b2,0.0008213552361
0xa0897a0e97e4cb5e2533df11236166a78a6bf2cb,0.0008213552361
0xdb6f47da8b564b76d273580a95266a3830049694,0.0008213552361
0x13af7b3d12ead6a21caa8ef2a02e00c0971831c6,0.0008213552361
0x33243e5d0078f03ceb23ede964c1f70c0adb2225,0.0008213552361
0xd88fed07219ba97abaa81f6e08376f90a4b20223,0.0008213552361
0x88cfada6460030eaa7d06d8d4665e55546eb8dbc,0.0008213552361
0x2ce432c0b82b5fde522eca89ba4dc8b04c044938,0.0008213552361
0xd9d3dd56936f90ea4c7677f554dfefd45ef6df0f,0.0008213552361
0x3865de73fd6978c213d8674678691bbc4becc885,0.0008213552361
0xd4214d008267ae6b6134fc4de0a0f27b5866986f,0.0008213552361
0xcb49a030f7f076411b7d3ea41265653b6ca071b1,0.0008213552361
0xf0f5f71294174ea6f6f4343e54e12cf4120b9065,0.0008213552361
0x2b9d0faa304fbe6ba3bc9bfd284c97f7c603222c,0.0008213552361
0xa87cf88a09c6701e654a8802463f990438f2fad3,0.0008213552361
0x1b6641ffffcad0d90ddfd000e4c69606f022a2e4,0.0008213552361
0x71d6577b61165d015c8e1c879e0e6cbe17da493a,0.0008213552361
0x9114d2f909d9c5e3da872c263902e067fbdc5e0c,0.0008213552361
0x5d6091a45a5ca5f7e44c3b0c06ed665fb30d98f9,0.0008213552361
0x381bee0ed06b2ef503d7476543683858e3fe30ba,0.0008213552361
0x2cdcc9e704ef6a90bdeb8bf233869fa8730d52b6,0.0008213552361
0x8e4a0750883c63a0dfd294ee751dd433c4ec1e33,0.0008213552361
0xc3eb02782ff022b32545ffaf9fb0127a27e7a515,0.0008213552361
0x317e133a409ded7aac08eb12f237cee90cfa197a,0.0008213552361
0x69d559609f95eae179264147f926f303021ad630,0.0008213552361
0x1e79996c7c6dd4de0d7dee2bc61439c9fab37328,0.0008213552361
0xd786a4e06bac00a3a74e45e254453efd2987145b,0.0008213552361
0x2789ffa60b2887b40072b3d7b05e36544b6cd6f7,0.0008213552361
0x983b6b99cf1246e52a11d501142d34fe2206cf59,0.0008213552361
0x14f357da4b7571e688c285290cae6832d64267bc,0.0008213552361
0x802a2bb40e31463da549c111800467e1e9bfcedd,0.0008213552361
0xff1b73e81a35d78e9c393bcb204266a197094de4,0.0008213552361
0x9627115e9654c2f6f5adcaea01647e12ae0998a3,0.0008213552361
0x76ca5d17b5a638d10e23408b4f51660da58d2d70,0.0008213552361
0x07aa084d456d253e87f4e55edffd888534603709,0.0008213552361
0xd18c710d2b31064c3b7de5795ec788ec978653bc,0.0008213552361
0x97b102e00d88f02debfd6b1e4b901dd6931bb982,0.0008213552361
0xae5813ec10ed7ff2530d1406716fd012177aed13,0.0008213552361
0x50f617990b328de3cce1e2921db91ac294f4eb1a,0.0008213552361
0xd4d47ca3e1a9de2e4a7f840d635ed67d10aca1a5,0.0008213552361
0x04960e7aa85463c40f4d50e9331818b3c945b736,0.0008213552361
0x4f2b0b90e9966c9b6950c9675e2f2a26270f5171,0.0008213552361
0x3217bae210b5c3ae01ae7c978aa9bf18b31559f9,0.0008213552361
0x913a9d5320ca64d5f542c74bf181e98e471045da,0.0008213552361
0x5187452be85f7fe338ca6bd096398f12f2adf4ff,0.0008213552361
0x61e4eb4698ca6f2eb5cf29f407a4b41306ed5a1a,0.0008213552361
0x4b3dceb14710e69eb0b86c7556a3539490336b30,0.0008213552361
0xf5ba05bc281e4771fb8426feebd6b3039b1c5ac4,0.0008213552361
0x382b9833050481041ef0917068d9e878c858f9ed,0.0008213552361
0x9d31b159ff666cabb243fd44151953691ef4a61e,0.0008213552361
0xb917ca23a6cc2705fdeaa9ab0024062d05797644,0.0008213552361
0xf3dda743f3af1b8758d2e9ad1c842004bd8e16f5,0.0008213552361
0xa8a64ca22a198b8eb7427586d309fd07631fb82a,0.0008213552361
0x3d06f33aa99ac207189735a8fe54b38f9fa930a0,0.0008213552361
0x18b5d2b16920a3093b9a0e654781761f54c86ea5,0.0008213552361
0xfe34a45b692b015836faea55b70ff8ea565f2129,0.0008213552361
0xb8fb92a3354bdb4f76a3cd6d3d488ec1459b64da,0.0008213552361
0x8b7ee8433dfe965a4187271165146e2ec59cf13a,0.0008213552361
0xfdbaeb5a366a2cdeb76a9175d935e7bdea6f29cf,0.0008213552361
0x29ba99b262c51fe8f0b3c3c4e98e2c07cbe2bd80,0.0008213552361
0x08207bc0c26d6fb53aef3f6c2e1772b8bba3e355,0.0008213552361
0xef30d17ce241380d1928956bf235e10b7e60befc,0.0008213552361
0x64b61bb0e17a954c3e92b8c1b29bbcbaf5fa6e58,0.0008213552361
0xe70cbd8596d2ea8f5ab609f47187829a6ba28cde,0.0008213552361
0x7a12c18e8212374b7a53596297c1354079bc2fb8,0.0008213552361
0x345092b177b0f660949e0c8bd8f19f3cd153d093,0.0008213552361
0x4d12220cde781c79fde6c532cae280f183aab442,0.0008213552361
0x75ca9efcfbf3d17527cce80a29b7bade667f1207,0.0008213552361
0x3f02c7e627c5c23f3c56e12a804d9fb435c8dacf,0.0008213552361
0xd072af50083e3c8d355588ef3f9690ec26f4996c,0.0008213552361
0x3b03bab13f56453fcc261f473e8d800f25cdd179,0.0008213552361
0x04d54001d8cb7596966dd90299841c2318e2a2d8,0.0008213552361
0x78a606759f2aa1fdabb87f8bcd272a9b258f7d98,0.0008213552361
0xc0899464d10dd4376b97dfb583241b324c845f80,0.0008213552361
0x52c00593d54bc829ba9b44712ec70191b730744b,0.0008213552361
0xa21ac831c4ba73faf90fb4b8bbcf6ead7b9118db,0.0008213552361
0x8558cc5178e7ff79b8952d7951a07fe295f9e58c,0.0008213552361
0xbfe0931a6d2f9f8cbd6218930a4525a7607e0709,0.0008213552361
0x3344b4ca7f585345f9749e9421ca26ed73d59bb8,0.0008213552361
0x16808ed164f920b72da08de97a42a9c709984b8c,0.0008213552361
0x78fb9d623ea0798dbf85ef28c40c56583c9b06bf,0.0008213552361
0xcea6fb5f411189c34828ac05d465303f9bbd5c7d,0.0008213552361
0x624fc65c95ecc5c0f6516f650d37f509e1cb336b,0.0008213552361
0x379551b1c9099463fcfec58f17f02c674995cb4e,0.0008213552361
0x0b9f223827143002d0cf89f69c98962377b088cb,0.0008213552361
0x1623bf1a26cb962040eb4756e9fc258722efa6fa,0.0008213552361
0xb6334cf2a2cdc326bffb0202f6ed80eb958eb14a,0.0008213552361
0xd3b3ce7d1d91212a26d844b74d2019e2328b389b,0.0008213552361
0x188ea7b0a2b29c1b08eedb759a84ad0ca42a96ca,0.0008213552361
0xbb6558621b3f1e7e63e9c303acb194e9f380739c,0.0008213552361
0x819db7ae044f2b810191c975001245ffba46be01,0.0008213552361
0x9335e130a49c9131118cd96aa9d8a145ce9b9449,0.0008213552361
0x423ae7e6e483c2f41d3070fca8880e38b52f4f14,0.0008213552361
0xd134122f8ebd32ea45551937299a45bfeb61b497,0.0008213552361
0xf072a679f33b475f5dc5cd5b7f31f24b84bc7fa9,0.0008213552361
0xbf5744fca5be1b64e2f3fba295ff191a7cd9ab89,0.0008213552361
0x3c840fe1c18ed48db6c40f080c669f9d68e47522,0.0008213552361
0x731be2092fdb93a6ba50be5ff2eab0b3b25aa945,0.0008213552361
0xabddeb9a492dd82907ed1df6d5d2b36978f66f1a,0.0008213552361
0x8b4cb9f63ce2bc89bc7c28ff9e76ec438a47b3fb,0.0008213552361
0xbc076f8a6026ed21a91046f320585a14f879eb02,0.0008213552361
0x56211d80e0ecd82a01b07d4479d1dee37a61d654,0.0008213552361
0x251c395ded4d72ccd30a8ca6b8feb8f7191426ac,0.0008213552361
0x7cd4502cd8d348e833ff661c072b12ddaff7ef70,0.0008213552361
0xb7520b5ddbb62635c93db48e9e3534354abd9d6a,0.0008213552361
0xf7bf9106322b496ee12e8823a5a55c06db28945f,0.0008213552361
0x0e3381356044241caf2130d9d3af0a66bf5f6f0f,0.0008213552361
0x20e978f5d8c8da5380418e8bfca147629232096f,0.0008213552361
0xcad4ba438f6203f4f0281263dd2ace1013109335,0.0008213552361
0x400008931021a32850a7cadfbe4513a9c9e8af10,0.0008213552361
0xd745b071d9188f57feda378020173faed9dbf327,0.0008213552361
0x69374fdc1e7764a7147658086463d2845508aa24,0.0008213552361
0x80a178642d0034fb4bbd64312f200610c0bc6d3e,0.0008213552361
0x1b606fb21452927d7ad95671a2d154edbcf56771,0.0008213552361
0x3b3d5e9b0a04c90a3408e0dfd7722493140189da,0.0008213552361
0x5f9dea11d9028ce7386302fd81d82029b94c4bb6,0.0008213552361
0x6b1368d3a890c46ce9b0d6eac4d36f2a432904b8,0.0008213552361
0x2e27fce2dcdd2013fc13a6a15f80fabe75ab837f,0.0008213552361
0xd335224a00f979576d7d6dc0d80abe15a6cd895a,0.0008213552361
0x3938bc042d1f379259dd3a48da22c7745c7475b8,0.0008213552361
0xdef01332c7f8305dee80b6d48657cc8db7ce9ca5,0.0008213552361
0x45148c29af8c0734faa5d6836c9b639eafdfd50b,0.0008213552361
0xc7531d02eb6d1460146b534df18679ca2ccfaa53,0.0008213552361
0x737c5ba219701225731e249e1b750633ea3317bc,0.0008213552361
0x7d9ee785e481e221b8271eb96489d8f773058c07,0.0008213552361
0xedbd41597c7352c77cd88376ec11de27143cc44a,0.0008213552361
0x833f05791a8a68970e490de392056aa3e1204bdb,0.0008213552361
0x2c7471e7f4a841b591460f431d9a3b1def6e5dec,0.0008213552361
0x6df989f2c9a8c7e7f642d6f6dd4054b869393c36,0.0008213552361
0x127da28522e6ba236f179dc1dfec98579875dd58,0.0008213552361
0x04cd548b5aa9e1bacc9f2590958b910505c54655,0.0008213552361
0xc5c04a0799fbdd4c261675328e460c24f84c1755,0.0008213552361
0x7bf3fde4fe3d031caf369bfd15855b31b4512a9d,0.0008213552361
0xa96cc6e271f0c77c695e0013673831f9dc182fdc,0.0008213552361
0x6a7fd0fe6b99a22d9eca824e64464e02f84f6452,0.0008213552361
0x367087cf8464b0e639eb9898eb0b3ba3b86a1abe,0.0008213552361
0x763f1a41ee5b3818595422ce11e769d4ebd76b89,0.0008213552361
0xd5e3d3488b671184d98e8d91312edd6188d29fe2,0.0008213552361
0xec25d80a079ef79b8c757228b6fc2a7366a6a32d,0.0008213552361
0xeb29fe92e3e1cef3815ee327712504d3e9c9bc70,0.0008213552361
0xbaf73f4b0cd7b8bbc301812e5f3f2aea84c7d81f,0.0008213552361
0x1e97e780180312ab277cf6f50ec92b04daa7cba5,0.0008213552361
0x22f99bbdc11704bede60d19db19d07f466b8b436,0.0008213552361
0x4c73020bb4c150f6a3486a0245ed27fbc9734f12,0.0008213552361
0xe89f116ffd1c237bb0e93642875682db6039ff6f,0.0008213552361
0x0bf55647141bd62f192aa621ef48baa21ae6be1d,0.0008213552361
0xaabf21aeb6a5860b1a6a697b6970cb179418ad04,0.0008213552361
0x58682bb194e9648a9e1a9ceeccd16b1eae5333be,0.0008213552361
0x8c5c8d140b79e0e5a8283484bfd7ff90913dc7bc,0.0008213552361
0xa6d8535b6654063ad6e52f99b6b22d4cb9927a7c,0.0008213552361
0x152e7177cd8c0f594a188f0cf1e031018c120579,0.0008213552361
0x048006add045c27ce61f900f433a6f2629ab5131,0.0008213552361
0xe626761b00def3ce29ef9bb2e1e194504711b0cd,0.0008213552361
0x737e133a041f9d8c2035090d3e7d9dacd4f21d87,0.0008213552361
0x17279df397a889f1ed0a67ea338dbe4790415306,0.0008213552361
0xfb4fa532984110fcb9dd920b05e90c10661ed3a5,0.0008213552361
0xe46803c511ec34a3a3bed1af8cabf7b1fa6d0223,0.0008213552361
0xa5e2bf03aee8e29cdfb19f7be8979e263b0284a3,0.0008213552361
0x00aaf29736997c1b184db7b398bb16d28b5eaeaa,0.0008213552361
0x5d52cf8d8b4e802b91cee2d20dc0940f996baf04,0.0008213552361
0x32e3df7bc12770fd56cf984ecfa50e4892ee00a3,0.0008213552361
0x440a47e74fb32274964d185b79194621d2b12c4c,0.0008213552361
0xf6c78cfb8dc563285596a3eda751e480b011d209,0.0008213552361
0xb9fbbefa64f2f6dcc6959ddd4eca12580ad92cc1,0.0008213552361
0x15090d2219dd6b42ec81b3ca5b52df5f21530d2f,0.0008213552361
0x0de3683455ed3fa706e7321441e69e4c77d9b5bd,0.0008213552361
0x60df6fd670d30e5e214c101e4e5141856584461c,0.0008213552361
0xd8ae57bfc53888487ee2128d16de65a91759a9ff,0.0008213552361
0xcbb0ee7650630a05722d97f01281cca2c41e1bc8,0.0008213552361
0x0f3ca5b3a7f0f368a24d62e0f20ecdd4affff264,0.0008213552361
0x7414b1f140d35c73cf39d052ff0aa3b68164fc36,0.0008213552361
0x22b052cbbf01cfe2ec5a8424a7d361f376aeaeb0,0.0008213552361
0x6e99ad56e327eacb13be1ec67aab7ef831c38aed,0.0008213552361
0x755c0a7d699313da5bc6c608ff00c25d7b69e608,0.0008213552361
0x6c7d2304ab4432d71b70e2d16c768e3838e8459b,0.0008213552361
0xcf46c7af3417f125b60fd2a10104cf042faa7c41,0.0008213552361
0xeb0ff542c431a03ab7820c2312a21feb4710e1c3,0.0008213552361
0xe8b102626a826afe5f3361686c1333bb1b7c3e39,0.0008213552361
0x18f4c16c97b7c3e3859bff0feb3bff685081fec6,0.0008213552361
0x444d73ea7bc7c72ea11638203846dad632677180,0.0008213552361
0x1d06af9db16b506c36227914fce839617e2a5935,0.0008213552361
0xf13c6f38df8e51e9f5daad3bcc6d01b89f9f00ea,0.0008213552361
0xfaf11e6f1254a40f33302353032dc2ba2481aaed,0.0008213552361
0x85a47e5e601330fadcb0f3173e2e05e718191d7e,0.0008213552361
0x5efa434c3cec45eef02eadcac3c9cb606ce3f41b,0.0008213552361
0xe8736a22c7a8f0efcfcacfe67cf9dfcd9649e7a6,0.0008213552361
0x3a8044f55d5151cb196adafbc95498ba847871c8,0.0008213552361
0x92721ecc4abb742fcc5283a11ef8f57be3a3ac1f,0.0008213552361
0xa962affa8730993fdeaf096e5ec6c633f30ce634,0.0008213552361
0xb75b7cd679badce662396c4cbd5197e3e35d4c56,0.0008213552361
0x7a9287178cab99b0666359e146450de21b855e83,0.0008213552361
0xac66c5ec3d803e85ace098cc8a5f42911dc3871f,0.0008213552361
0xefc0f8be7afd2eb878956450d1f484cfb3368417,0.0008213552361
0x027324b010a3a9cdf6b0d56f770248479ba900ba,0.0004106776181
0x816f35b57c5510963a63920bb081b13fa9b04996,0.0004106776181
0xe06febaace20476aae3495d9e32f8086a04dec62,0.0004106776181
0x59523f7808de975bcced984760cebc64be6d67c6,0.0004106776181
0xe17fb282bf96ea20b381026d99be33e7104747e1,0.0004106776181
0xe988ed4c7d4692b4c4dd1f61413c679f2c8bcd31,0.0004106776181
0xea219348ad5821e68f8c69a5ec86ad8254468193,0.0004106776181
0x25d7d68ab18e5ffc7e3995f90ac6b304294b5617,0.0004106776181
0x62a73e462c7e51b4c625aa543b4d8fefea68e666,0.0004106776181
0xb45ba91b8739257d2e03eb87730299eb6cfb5420,0.0004106776181
0xa697dea8da8b164a8ee99af4279f4a1fc1138834,0.0004106776181
0x4d9576c45616e355115e955304c26d5e2b3426d9,0.0004106776181
0xaba46e0b345ce0e4b3fab4d9bbed468a50b201c6,0.0004106776181
0x66ac39257b182154c8434e8fbd350f5e82abc847,0.0004106776181
0x1a0dc05ee7860fa1dba86bdee3e9ce3ac28cc074,0.0004106776181
0x20752335ff93a73b09564b483250720097984899,0.0004106776181
0xf9eb456ed9d80b361b3ad6953972b1f4c69486f8,0.0004106776181
0x77adde504cda56ec0704a7ff7f7a4c29d12b3200,0.0004106776181
0xbb053d8328672cddf5fe0039e9b215d2bac7b3d4,0.0004106776181
0x73d52bf205839bb5b090ad68d8691a2462492bf1,0.0004106776181
0x8c1d7c08970d736691bf46c465b450484b40caf8,0.0004106776181
0x8391e7577d19da285b8139891c401a70bb7eb0d5,0.0004106776181
0x25a838ae355a61f7d4d9c2b48f51fbda778567a5,0.0004106776181
0x81254204850020de888e026a0a27bfba25849b70,0.0004106776181
0x9228c0b9853223acaa7a1e6633dad7086b8abab1,0.0004106776181
0x5a5e5c737d4eaebd05152d11daa852f4737d9da8,0.0004106776181
0x26c2cdce1feb640c5b762f58e72786dfa7ebb47c,0.0004106776181
0x70cf9d2c878a209e285cb4fbec1c6924f78d6af1,0.0004106776181
0xe84a85bb314d3dc45ed62cf58358a99e1574f3fa,0.0004106776181
0x5d4a47963c3505297d6580af2e95d2c0c08488a3,0.0004106776181
0x3fe94e0697b6f7fd4b4a4da5a694fea8b3d56cc9,0.0004106776181
0x401d60c354dace933d491a6f86e4099b38b9e3fa,0.0004106776181
0xf11d288833977332cdb63f77cc4e80a0d37ff865,0.0004106776181
0x82c8195a26f46d0a859ae1af690a2aac3fe01ff4,0.0004106776181
0xe5dd227d0a5e693a7f42c1d1e29f1b9a43d6c908,0.0004106776181
0x0bac49ef7d67a7633efb09aadddc2b822bc5325c,0.0004106776181
0xd49efad0050694e722c44916642109aeea0b101a,0.0004106776181
0x8f3c8daa89cd20b78f27388ad46487416f6444d4,0.0004106776181
0x00025b6e165654bc0931b2f29a66be4852e6011b,0.0004106776181
0x5e3ec1cc30edc96c426b3c8347db8c0a281374ca,0.0004106776181
0xc2c78242d27c684796fd585be0639e524a2de860,0.0004106776181
0xcf9b5869dda4369d423a7b01d6d8c937e2df9f41,0.0004106776181
0x65221131aac964665b569f719548a3a833f8b1f7,0.0004106776181
0x705f6cfd2b1ee4774c36282e7497eb77a94931d1,0.0004106776181
0x498450105982cec8472a5457441a38a2ffd03f9a,0.0004106776181
0x0168459886bd2aa322c18ed0b209887095afcacb,0.0004106776181
0x7cb4b736897c997f18cb98499817a38f6db3b210,0.0004106776181
0xac69594b31cfe56990a4fc7117efef171275eddb,0.0004106776181
0x104c747ac3c8ad6c91ac1118764eb6fdeff68187,0.0004106776181
0x8591d14cd82fe570a36aeccbaab2647987a65d78,0.0004106776181
0x02616f4fdd9cc730178891156e303de59d606b17,0.0004106776181
0xe98b81ebbb64ba2689d0c16f14882c2ac7e8166b,0.0004106776181
0xb3a80c581e9870191fc1b75b89de503dd95d8937,0.0004106776181
0x711ce064410a3dccc373227b13ffe08e2c613845,0.0004106776181
0x53d04500bf5fbcdbbbe8cdf07ce37daf3c4669bc,0.0004106776181
0x58b58f0516fa60fdaec709481fa44296f6c139fb,0.0004106776181
0xd8951610d0752cb2d38c9cb67251df07a5bcc548,0.0004106776181
0x5c2b27c905bbf2a18efd00a41b458ea5ef953275,0.0004106776181
0x623aa6826fe7a4f86f2ff88638884988901a34bc,0.0004106776181
0x435562a2662b60c8cd712a40a19c2132c2a6a3f1,0.0004106776181
0x4eda11d2c89dd3c945c0e9612c74323de69326e9,0.0004106776181
0x7b5fd4d64c54184a3bc9c1c004e83c56f06f863a,0.0004106776181
0xfe3565c8b8fda2fd5d82c7cb9b073056a56a23ff,0.0004106776181
0xcb6cac3876c4c5b52e37feb602810fb492aab3ce,0.0004106776181
0x4cb10f6825922cc869c9ab3eb8200cfe2a516475,0.0004106776181
0xda9a94fd7bca8cfcf454fb9a3c7fd126f5d4074c,0.0004106776181
0x7a631839e02544185f3fd82296ac12021728fb85,0.0004106776181
0x4084b740f8a9f44711d3d24753523972fe1567f5,0.0004106776181
0x9fa740557135576d7fb87e49fffe94b60ae6eccf,0.0004106776181
0x19a773beeeb6d91e5b3d2a0651534134c157ae5e,0.0004106776181
0xef33946420f465c878923134f7aaf80316cddc61,0.0004106776181
0xde07111a434485149e4d8b370774dcdf1557aae8,0.0004106776181
0xccb4b7f292234d3aae274fddde9fa5fb69ea1361,0.0004106776181
0xcc8caf90b0f37d06623a5efe480111266ee360f0,0.0004106776181
0xe5a4a0bff14627cb58052a12aae8b40b160ec7bc,0.0004106776181
0x9f3d0e826410d3fc0ade0e97ced8cd4b957d4889,0.0004106776181
0x5897372fd8eaa3440389f723b4e465e3e7a361bd,0.0004106776181
0xa948de653744dc1ef77b3f50af172d6e0b1d77cf,0.0004106776181
0xbadb6c60b2980a8e5a1d306ce3b960fbfada7caa,0.0004106776181
0x197d3b7675ba58b8d3e826b8be0a39c1e397e50c,0.0004106776181
0x7b572c780a597d05677aafa91f46e14d51054f33,0.0004106776181
0xf4d9558a5693d2589be2bf876826f60efad8abc6,0.0004106776181
0xb64936ff6fc9b65b93fbe360f37115bcd56dda89,0.0004106776181
0x1305db70d08089c446c684810bf55bda9f82cba9,0.0004106776181
0x2b8a3a77daf2b73a737a81cef91bf29a3db5ad57,0.0004106776181
0x05ef4004ccd2df98aac4a9456646306bf31c4874,0.0004106776181
0xc3dd84f14bbcfac9bb02a6de327693efd167d846,0.0004106776181
0x5fea3e8fe1b8567e266cb5da3d348222a1e7165b,0.0004106776181
0x9a9fd0f81b199144330acbc3414ab0666fc155bd,0.0004106776181
0x9ee0c02f935f1449e18c63d8e6c4ae20fb5841a2,0.0004106776181
0x0d2f75611b1a125b472bf6224c740efbcdce770b,0.0004106776181
0xe6537afdc49ae2f53fd0b430e13a772316538c32,0.0004106776181
0x764cd5ddc725d79a8f054652eafcd19949e79152,0.0004106776181
0xb44e0d4117eb924081fa2f1d289e5882d073d113,0.0004106776181
0x93eecff155222eac6fec114723015643fd442a4b,0.0004106776181
0x00c744ce9098d745e8f248d2c5cf740e381ed7ec,0.0004106776181
0xf23dc98df80b613ccb18095fbe08387c723814a4,0.0004106776181
0x9265945b6ceefeccbeffc4e7bea24c876b75edfb,0.0004106776181
0xb0e32b64a84ef84dfe4fd785f89faa89cecdb560,0.0004106776181
0xf00b204956885b2c77efd993e8336c6b7df0df97,0.0004106776181
0x1bde316e2e251ed15490a24f9d55e42a200786ed,0.0004106776181
0x559766ce78643b3e53574d0f5df2c616f3ad29af,0.0004106776181
0x5c702bd38dba730205f67d34ec38dc1985821362,0.0004106776181
0x944953a56860ff72089f27f8267c275371aa4dfc,0.0004106776181
0xff59f68b609081ca838ea4542726fed07ef6079c,0.0004106776181
0xd5a06a0ddff4a7109deb8cf5f9c474fdb57f6008,0.0004106776181
0xabd6ae22adb8759898aa882f7269248ce8774fdb,0.0004106776181
0xc84b663f25472d1a6de1a9678ae05573f248a60c,0.0004106776181
0x4ea672f3b8c5e34990cf7144ef5bf2b7a349be4d,0.0004106776181
0x4faff8c6d065af814c39ba850ed0c67b0307c05b,0.0004106776181
0xd48405def3b6407efc0c692302e67a1ef405582a,0.0004106776181
0x51ccf69d6d88e246664bc943234c0585492be088,0.0004106776181
0x43c769de25d6ff3e4e8ec5ed7aac0a07989da329,0.0004106776181
0xc7a4b9491ec2131bdeb88ce6a61dc2d567dd3a73,0.0004106776181
0xc74fa9cf4642ba5d4781da8e5b5230ec79598c9d,0.0004106776181
0x66983dede41afe98ad17a0de1d9de8aa5cf4a9c6,0.0004106776181
0xf9a8ad08d60dc154fab102b61404b5949dbf3873,0.0004106776181
0x41866c62516a53aab59bb407484c3655b28eb60c,0.0004106776181
0xac91567c45b3da0da3559e2994ae2e4fa951f008,0.0004106776181
0xa4f7e7c3461602f0c0b8c59af76730c4b196a716,0.0004106776181
0xcc1a72630c84f8ed07db2fe0b2a65596458e2d12,0.0004106776181
0x28c486b5b2792f1b34f0f43ac367e2e74b7406ba,0.0004106776181
0x4efee564275b9d834c97f9b0027a43a23d38b1ef,0.0004106776181
0x8de13dfc72b7a8670d4e3ba195418477bb0924d4,0.0004106776181
0xf24c894e2eacc05d8d04455e1fbf099da4f8d81c,0.0004106776181
0xd5f49cbaf8c04972b3748eae3f8de1df0b9f1f6a,0.0004106776181
0x292f818eb340d70a508f426f6daebd6713d28669,0.0004106776181
0x1031ebe65deaa376c33d224b69c3124bd126c736,0.0004106776181
0x1d89bcaa3dbd5f481ef381e93d6241ea21f4d2a7,0.0004106776181
0x14867ceae9d06682fa87c557b9805a835085c082,0.0004106776181
0xaef7de3401078c2ec04a35ad19a025f94f13f63c,0.0004106776181
0x7c58407f706978dad15b3b788f28c1a2b472251e,0.0004106776181
0x6214c1897de402bf1deff02424aeff6f8b8dcc21,0.0004106776181
0x2056c33090f656d964c8990819346f3f6a0d3182,0.0004106776181
0x6c1fc0b42b9f207b6c2f1be63f34d3288249a2bf,0.0004106776181
0x8b2c8aa7003110d52e8fb6dd54e9dba092d6cb60,0.0004106776181
0xae5c166bc99a35f8de95c93e2ad6733c2b0c5463,0.0004106776181
0xc37d7670729a5726ea642c7a11c5aacb36d43dde,0.0004106776181
0xdc7abca4a126fecc3e24b952c720571eebb7e66a,0.0004106776181
0x69ed20869ae9e9fd0a3514487815671e6e8edccb,0.0004106776181
0xdc32b5c750e4e98e4658390d25e2a97e2352bc25,0.0004106776181
0x8cc0bd3e882b023098f498b31c9d690d9e3d1192,0.0004106776181
0xadfa1982caf6f1b5d41084c3a96f926f8b2aa107,0.0004106776181
0xdb9455ba62fe78db229b36df7b405605cc0d102d,0.0004106776181
0x5c3a9dbcfda0dadb8585ee2ef2f9a4b074d3e625,0.0004106776181
0x1cc3a102c4db5fce3377683f1126cf14c4b5aaa3,0.0004106776181
0x4ed38ccb2b6aec88b6ba24b776321fd1afb97d11,0.0004106776181
0x9fca240727c4861b458c55df154daf70ad31a5c9,0.0004106776181
0x3a5b71401d3e634d6134a584abe7de6c8a067a40,0.0004106776181
0xc733c126cc40ecdb565dc07c5175d55279b51736,0.0004106776181
0x42b75fca65042b86ec6a63a1803e5cfbcab02149,0.0004106776181
0x467ad4c6e26425a164d0a2968a11860e335657bb,0.0004106776181
0xee439ee079ac05d9d33a6926a16e0c820fb2713a,0.0004106776181
0xf43f9f17b11c2d6db4b37baad58d0334c489dcef,0.0004106776181
0x97b15c8d6030621225aa903028dadb91d97c4f53,0.0004106776181
0xeedf97f1a86303e1fa17d58c5b1159786397bed8,0.0004106776181
0x7f117d7ff6ec234c5d05779207cfc0b6befef24c,0.0004106776181
0xe8935fd797266163507a4b14a348b5aa7359f97c,0.0004106776181
0xc2c4ba297982d5f05d1c0210d9db229e8dc4747c,0.0004106776181
0xf9e13ccd2fe710fae114e899c4016dde620d9377,0.0004106776181
0xe0b1c602792f353b28ea2b4abb197b008ea488f0,0.0004106776181
0xbe91e2c2ca65ffdeca8d5643aa844400173fe2a4,0.0004106776181
0x05b5474226b1fcf636cde892a3573a67e7b60df0,0.0004106776181
0x5e1ea18230478f82d3bcb71ec62a39c68ed85e5d,0.0004106776181
0x2a2934d7824596ce1882e4811fd755b678b7c15c,0.0004106776181
0x58cea8ecc22a52891b7956d7f89bc893fc12872a,0.0004106776181
0x3c00e90aec2792f680a60e9708e1df114cc59b5d,0.0004106776181
0x5bf5dd41e89d5fbce65303dc36b084fcbd926ef5,0.0004106776181
0xafd910d92fc02b4e53423503d72f932c969f82eb,0.0004106776181
0xf313a0e86373a9f5817b66ac876ce2ba08fe30fd,0.0004106776181
0x999901da9769efe4f4b75b4de2606f7664c5fe49,0.0004106776181
0x68423b7fbc5f66af0c81a8f37ed4934bd5b46ce3,0.0004106776181
0xcfa1787d5a0e8e8ba92b698da62f21c36839ea2d,0.0004106776181
0x66848797aea8f00ea7986e75222eb73905ebd0b1,0.0004106776181
0xaa9dc863cb5f8261a41e2b4e1083e723aac36e4b,0.0004106776181
0x923685436293e55035b79bd65ad121a8fd254822,0.0004106776181
0x349d03ba56f4919f4073fdc2c4e0249e7f5ed226,0.0004106776181
0xdfac5516b3ccf3c9c6083be168ffaa188c00c652,0.0004106776181
0x22a26ee42ebdbe62eba94fafe28865f172b967b4,0.0004106776181
0x2015f7abd959330ab297bc96aff2cd6124d59aa5,0.0004106776181
0xff30ce12ad34f2eedb746fb4ba779f25f5526f08,0.0004106776181
0x66fe61be1e6f165963ba248832e1541dd39534c2,0.0004106776181
0x0276acb75b7bc033f02b167b6a4f9f774b639965,0.0004106776181
0xba9b87d8e8072a1d58f49b28c287b02666be41a4,0.0004106776181
0x454e8a723558dea68603dab31e54ebb6a42f36dd,0.0004106776181
0xeced90f4aefa49762212923b63f4b89cd826b498,0.0004106776181
0x2f61b6c4776aeea06be8fc3422fdff4496052b7d,0.0004106776181
0x0ba6ad71208da84577ef3773bce72495f7972e97,0.0004106776181
0x49fc396d40376339f602812d4462df1368fe68c4,0.0004106776181
0x60e0625b48e3424fe64d3c76bda0e1e72509859b,0.0004106776181
0x0d5fd12502bba9873802fa636150ea2546eef397,0.0004106776181
0xfa330ae1a4bf71dd6939a7b1ce34177412b3402a,0.0004106776181
0x1080825500471b1bff1bf14e3e44beb266b4c1e8,0.0004106776181
0x35f28d981cdfc21e584bcef0094d11b5ac094545,0.0004106776181
0x5400d0aa5ee9608df152277b516f14db1a927bcb,0.0004106776181
0x79bc56f917ec142cb393ccd5f849a495f4e0b011,0.0004106776181
0x9830ba180953516741594188fdcaef80c51db48b,0.0004106776181
0xd361cc196f33534ed8176ab1f189983265212fd0,0.0004106776181
0x7d4e00a1b3f145fca14fcbc7327a858a73e2f8ff,0.0004106776181
0x2940c7ab43037096f52aa400f397bb9faa915dcc,0.0004106776181
0xa38d74f081564c67fd25ae481c2d29a9fe508536,0.0004106776181
0x8abd0b789f7ffab279fba6ef010553a6c0c843a8,0.0004106776181
0x65e3a8a73f99018d53ad216ddfa0a3bb37193b38,0.0004106776181
0xd99d9aa2995cea75f601a22ddad07a54d3fb9a20,0.0004106776181
0xa20fcd7b28f95a694e860a1ad8ad79518083f587,0.0004106776181
0x74b38d31041f0731fd50f9d1b018592da9b9eb2a,0.0004106776181
0xb80ccb29f28c52ed2ac94f2ab3f259c9d6c5a768,0.0004106776181
0x2ddd6fab33ea2395a17c061533972e449a38a3c2,0.0004106776181
0x875a498923811a9174e252b62d7e759b9a8c0d4e,0.0004106776181
0xb89551ac24832dc2b3404d8288c9a29153ce1aff,0.0004106776181
0xce38e59ed1c4add056c3b43bb806707d4e479c18,0.0004106776181
0x8e80911c808f01f9d0fe5f9619ae1166397d4ac9,0.0004106776181
0x654098ec7193c682854a42ec2e3383522e8dcd68,0.0004106776181
0x03d60492c1f009dffc107c6c9a130660600b3709,0.0004106776181
0x891bd3a5e7b5f48e2d920b5c41d887bae8982dbc,0.0004106776181
0xf28828a6605ffce74a80de08d8cd4560a3a42f66,0.0004106776181
0xefb7b2ca43b1826d81e1e15893203df99e96b6a1,0.0004106776181
0xdbb0d103d9864fa7aae52a8f081b8225dfd652ad,0.0004106776181
0x59f8397f3ddb7dab5d2e0785e20ab9f53178e19d,0.0004106776181
0x00a599ce6e94490d4dd6567f3ef99fffddec9ba1,0.0004106776181
0x9385cd2a10ac094174da371214693d5a7b327edf,0.0004106776181
0x863b1016892e056857b24155274bbedff8387a48,0.0004106776181
0x5f5bfe6d6b8f012e0723fdebd5ce74ad9de8bb36,0.0004106776181
0x0a15a57b699823464a7387686121d5cf5e3ddd75,0.0004106776181
0x371f0bf1194dd9c137f51411b540eaf590eb6733,0.0004106776181
0x85d1f57812569edea830c705ec55e0be3a6edaf0,0.0004106776181
0x4a8f5286f3bb6c1a8d76560b268ee99d0e135a20,0.0004106776181
0xd90f7eeb72364cdd140695f0b20193218a367e94,0.0004106776181
0xe16835086bb8059b8bb25f3d56c415491e86cba2,0.0004106776181
0x5c286fe9f8bd8db5cea7aeffcba3b400f8064f30,0.0004106776181
0x5d1d614e1996b00c4e390d77c5c3cf04f65527ff,0.0004106776181
0x6745640258fce28daf5c17dab85c96b1723a1ead,0.0004106776181
0x950b9696db32b060ebccea0ac7eeec91d61b3ece,0.0004106776181
0xdde7e77e4800da31fa483484e29a384cd4586c5b,0.0004106776181
0xd2c24dd31b0af970e97494b57cbeb86dd1a6b8c0,0.0004106776181
0xec1473a9e389b4d6363cce8b964dba25e2a9617c,0.0004106776181
0xed0472da6d13c59be597fd23d6b38cfd7add2bf5,0.0004106776181
0x76f5fb6f0f55e294f58aa098068e860d63360144,0.0004106776181
0x44d870ada850e89b287f50c14567044b055303bf,0.0004106776181
0x3ea868338e99911e72af1b4ab5e81b221ca17dce,0.0004106776181
0x58c719f68545741b22514865e55a29df521aa572,0.0004106776181
0xe5dea68128774d469030ae39066818f9e122bc47,0.0004106776181
0x352a49fce5f15875bc027973e06f2c0d776175c7,0.0004106776181
0x6ee076653402948f88671e3ee5a890c633fb7d2e,0.0004106776181
0x1a7b47e5df260c7e18368dc0cbc797f71539f61e,0.0004106776181
0xe56c032eedecafdcd30908872911cdb4205d19fe,0.0004106776181
0xae7628a408109ff9177162f7fbd641185ee814f0,0.0004106776181
0x1fd3bb81d8389ff93e6eeb6e46712d8d9c94c1fe,0.0004106776181
0x7890dae639db0f139fb35728eced443d0d2b0346,0.0004106776181
0xf0d4c06f78c62a64107c4b47ca324ed9365a655d,0.0004106776181
0x615706a098f1fdd82bbf07b7346419d5d95cbbf9,0.0004106776181
0xd1b8b035eea80123814f6baf926f1c63a0d9969a,0.0004106776181
0xd6339759848e5cef0a90fb6bc3406a62315739c6,0.0004106776181
0x5f231ad3ce95e2056bdfa44fd4ec22607c496613,0.0004106776181
0xdc1a7f2585f067df4bb03608096e9a372d9fe4fc,0.0004106776181
0xed1eb0934b3002eed258ccbbed52dd07e30285f2,0.0004106776181
0x68fd2f647a3601f67c07d497908192d76313fcb7,0.0004106776181
0x772e8ca79763d58ae98cf386ad2340e4173fd0bb,0.0004106776181
0xae531537ca25cee45b470fe6b41c51886159c2b3,0.0004106776181
0xdd5ef7e2d65e8d36b48b46fdf09d64cd087b45b8,0.0004106776181
0xcdf336cbec3ef940955a8ee80df8bc10efeaf13f,0.0004106776181
0x5c344a702012c93064a3cde5019801f3a93d8188,0.0004106776181
0x94675dadb1022a2153d531cc2d3307c490b5b99e,0.0004106776181
0xfeab80638dad5a1e60cec68d3b7987149d7a42b9,0.0004106776181
0x163c233b7e00aac8d60fa33e0bf235718331ee0c,0.0004106776181
0x6fcafbb54cf82ea0614766580bc3b4a66402a80b,0.0004106776181
0x62a04e5a79f307fe8b2668fe5d9504d07c58a59f,0.0004106776181
0x39e174b3f5f4195bda985b53fb8e7dfd49ceeeee,0.0004106776181
0xb3af78bebbb956112d9878f2d6a7bab1460c8344,0.0004106776181
0x23ae80a0e7c08fb2bba81cb1788235645135e2dc,0.0004106776181
0x2f6e3c477ccb092cd218790378c3bbedb15a387e,0.0004106776181
0xba635203bdfa47e80046048f35bc7fa40779f0a2,0.0004106776181
0x49961f776721b095dd2a4823f06af5bdacf6758f,0.0004106776181
0x06be980cd5f3203c69d0dec685c4d727bd5decb5,0.0004106776181
0x0fd5ea143121381e8983b8882ed0e547082490d2,0.0004106776181
0x3948a2bb0f33a56bd6e4faa9bf1509c4a8e93af1,0.0004106776181
0x540cb4be20c9054279ca946b4e113d8d88434319,0.0004106776181
0xef15c0815cf3995fa3e7fedc63e33c537b9d2cb4,0.0004106776181
0x562aa8940c61ee13c8c323f1cf9d0c73bc4409bb,0.0004106776181
0x86407510f2f8a27a89bdaf64157b0eeebd28a422,0.0004106776181
0xe6d9e070ea3028d40021131d06f3a17910da8821,0.0004106776181
0x02bc18fb112d527d5179999bdbeb972924833560,0.0004106776181
0xeaf00a0956d60c3341bfe1e5bab35469c0ec88da,0.0004106776181
0x47db9927598e0e619c16b01ed4bb9fa8fecdbc54,0.0004106776181
0x2f566db15b2927e10beaec8ea02885bf7988aa42,0.0004106776181
0x90eb1e8d4950e20e80889c3c961da85b973097b4,0.0004106776181
0xe09c5a788c69158389e7d9cfe44d9432db475b4b,0.0004106776181
0xeb4506b0681d413a4c51b7bb877b5f303e343e45,0.0004106776181
0x369c1afbf672fbf78e9db8a0832921600e0614b1,0.0004106776181
0x525aedbb71a9fcfef19caa8692857b71ccc0d3f9,0.0004106776181
0x55a2c0e662f773e00bb59eeb31b8848fbdd0d180,0.0004106776181
0x8a97b2d382a4224f881b899c53ddb5e7423d3695,0.0004106776181
0xdcbe7a5bc0638921d75f4fc1de7d7f5268397c63,0.0004106776181
0xf9edfbde0b00a9ff2f0976790ee09ad225bba977,0.0004106776181
0x30cc10f0e9a62f1e6b43d7c3b29a2e5418580c03,0.0004106776181
0xc0f3a28e37f5c9d671ffd3f549a83f5ed9e00669,0.0004106776181
0x3f87e230dd7bbfc55bc00b66db7b9295ba3b03ad,0.0004106776181
0x7fb99c3465be9830eee1c884ab20d9301d6f1441,0.0004106776181
0x6f3a8f9fd0da6b3ea4860ad7df347a06f1c65bdb,0.0004106776181
0x62a264e99fc1a3d50e0634181bc12e8dd79ad239,0.0004106776181
0x643e1004dcb9b37d00442438f69d306473fdf58d,0.0004106776181
0xcf87a12d7a70b5ddd1f9cd2b50380d0fc609fdd5,0.0004106776181
0x0a2237795ca9d61030b010f29b083abde6c3956b,0.0004106776181
0x80479aa1401646f000015f21d72c4e278fe54f7f,0.0004106776181
0x11f55373e7443ac070b5d98197bb7e052374aabd,0.0004106776181
0xa9aec28ec2a6e880eda7b424dab26b8767263850,0.0004106776181
0xcaabba0f907cda9958006137d686c52e35fb42b0,0.0004106776181
0x50ed064899c6ae52bc9e7208c63a36f97c49e479,0.0004106776181
0x062b47d378728f59ee18479ce6f29789fe3e749b,0.0004106776181
0x973893d8c333175e38daf71b0a1e864d9dd3cb80,0.0004106776181
0x2bb5961849715df5e54d2fb63362ccc51ecc0e57,0.0004106776181
0xfc32928a21a3277c33fbae78b3632f9e54b77c87,0.0004106776181
0xb717065df864260c4490c5bf4d0df2f27363e407,0.0004106776181
0x0f3354350c63c50ff6caf33e95c9cdd3047ea4fd,0.0004106776181
0xefbdd04dd518a1e7f0d49d59eaf2f1cd61db5948,0.0004106776181
0xec094a3483e7043761aeb180722262ae7031724c,0.0004106776181
0x9801e68c518df0ab22fb8394d3cfadc8cf055893,0.0004106776181
0x0c5ae8cc60dcdd02999b36e5ea599074a58982a2,0.0004106776181
0xcdd5bdb9dfd207552797eaf55dc19f4d28e6da88,0.0004106776181
0x85c09958fecda2ff94aa32ac8d0822c9c06a0567,0.0004106776181
0x8dd78efef431bc0b177020b321ae9cdf765b84e3,0.0004106776181
0x3e5e6421b08667d7c06f79b64f096e07fd2e07c1,0.0004106776181
0xe40e17d79c51da492e2f521edbb6e37ce2c8b86c,0.0004106776181
0xa8ac29b832a2da8bdec91d682895084c066820f3,0.0004106776181
0xf5d8f1abc7175738dbcf88a44d94223c003e1cb5,0.0004106776181
0x9356094790da9dca5ef5687f3444bf3d8dcb33d5,0.0004106776181
0x69502257393e02dc725bb5f78e57d29237dda649,0.0004106776181
0xebd5a3026e4bc04038cd766f8a6af62914463bd7,0.0004106776181
0x18e5c2e65e10373f52567cf229a7a5cbe0032838,0.0004106776181
0xed0975da38e04fb65ff88440c771c994ed73b124,0.0004106776181
0xf9d1e4c128ca3c0172c997a4353af75637190b52,0.0004106776181
0xfbcb4424f38c47d95aa852b9f65c1e3d0049a773,0.0004106776181
0x723735fb252ac9240a511c206f4d4f54f39f3aaf,0.0004106776181
0x4e3828419862c4ceafca70478d6ca4dfd4ec8a79,0.0004106776181
0x4958cde93218e9bbeaa922cd9f8b3feec1342772,0.0004106776181
0x47fcb06206588ac070de25668aad59c6cc42c822,0.0004106776181
0x7561a616f8c191fb810ebdf2d4ab0608d700070f,0.0004106776181
0xc771e677693db30339e1af97c4872a5a66b75610,0.0004106776181
0x9bfd8752cdfabaf5ace682eeefeb0ff4c80bcb01,0.0004106776181
0xa725e7e2b98e8dd3643a39a9d6a201d2923fce31,0.0004106776181
0x92ba0b37cd36f801210295e03a06d2e98566fed0,0.0004106776181
0x6d001ac3a5a0f5cc0474caad4f856d57fdd93a88,0.0004106776181
0x64cb738c5537a41800bf95214a3b89455ead2762,0.0004106776181
0x1a277a76261d0679ae9080c725042bde3c5d8d4d,0.0004106776181
0x813da6b986f4138d49b5b06c88ddfbad16f5d7b8,0.0004106776181
0x6752755ce74a72407561e6f7b5b4877b6a61a37e,0.0004106776181
0x033983cd426b55977441304c85a75993d3a5030c,0.0004106776181
0x74adc8bc2467fd8e90d505bd1dff9df4e3f29d6b,0.0004106776181
0x98bc619dd9fdbe39c238b38a534e5ecf0b638486,0.0004106776181
0xd0bd0cc430ffc6fbae762f3f9ac157783ba20689,0.0004106776181
0x56aa1e3e1cac197d4f2e228f9e3727fff0b31544,0.0004106776181
0xc3d5cd95f0440cb113951fe19df1cbc669c4aaf9,0.0004106776181
0xa8ba725e1bb38d5ebcd6950394a82919e839d1bb,0.0004106776181
0x84ce3f95cf7c2d85563a5d5fd398b900420e8bb8,0.0004106776181
0xa7004389b1ca366a7b13d5994f1cb5645df5c9b5,0.0004106776181
0xfd2d57bc4d5c8b2fee8c02c757b14be41e883361,0.0004106776181
0xdb38e01ba0d515ef152c79155f19e338cd823a56,0.0004106776181
0xb07d13167eace2853afe06d996f80b2cad489e3c,0.0004106776181
0xf9916f1eaac849ab90c23f3b4535b68c50008c64,0.0004106776181
0x65a8754b44d819cb63f9d377e1d8b8a87dd7d9b9,0.0004106776181
0xca356530152e3f7c7ea95e179b0141613a49ba4d,0.0004106776181
0x3466e95a2ee80e662066ce5366cc86ec46689a95,0.0004106776181
0x5e004921a07a89644dae1b3b4ad47bd2ad94f9a0,0.0004106776181
0x3fa419bbc450e04860e5d0fa235296f7e5b57768,0.0004106776181
0x7dd508a1e4da1243789b799a480f8b45e58b1b5b,0.0004106776181
0x1098ffcbc061ff81df75083a02af34be6b4f54ad,0.0004106776181
0x6621d24aba7c564741aeb5c22058088e2f094782,0.0004106776181
0x569549c4a8788c2a0e5e29d0b6e4f866a51ef404,0.0004106776181
0x3daee6d96181660e74eae9140be17b6487b95904,0.0004106776181
0x096bcf96c84d65ba390e2ef75d63a8e6493f0c40,0.0004106776181
0x43f33c301c604f1c9688657aefafc29dd7774a99,0.0004106776181
0x7d91fbe1875944b505f3e730f7b608135a676d6d,0.0004106776181
0x00c7ecc4187f239e09d4cfea5abe6d3c18f923bc,0.0004106776181
0xcb6dc5fd72dde9012a887d690431bfb019d19623,0.0004106776181
0xee8509554348dc62bbf75bc09ab7e980236cdb76,0.0004106776181
0x69c5a3eb2b9577f4e846d72c5aac1a99d64d157b,0.0004106776181
0x4f099f2899db711e627f46adccfd077cf3ce075e,0.0004106776181
0x141108e280158255971dc87a720c440d4cb833d7,0.0004106776181
0x0b8c168428b6ee381257f8404701293952a8b3b6,0.0004106776181
0x691d5b76eae4ce3e9c8d1d82b3cb1ce26d175fa1,0.0004106776181
0x576283beb7929fb7e815a1ae0e93a7a61cb628ff,0.0004106776181
0x5c19ce33ccf2b615279fbf96d8cfd9999e4396ca,0.0004106776181
0xf4175bb4a439772653c1b5b4b2071526d27b3751,0.0004106776181
0xa9cc837d49ebcd2261a3c8012beb75685ca46aeb,0.0004106776181
0x4221a93fd15cd30a695c268d9df2ba2e67511ff9,0.0004106776181
0x2782364a9d91bea3f481c7dcb0dc18899f9bbf8a,0.0004106776181
0x1db383f83b61e5ab316366c2b1ab12d6d0f25eaa,0.0004106776181
0xbaf3d4093b565615fd55df46be9972bb2c2ed1d7,0.0004106776181
0xfc6ad2773eac2a24ad9e4a525b51f86926cee6ef,0.0004106776181
0xf6ebe8fea8feea738da0ab0faae82fe4f37b336a,0.0004106776181
0xbe4a3bc1c7f1c5bd9b5518f38614cf869b401baa,0.0004106776181
0x3de08bebbe88cd9f6ad41b7047017080d5cb91f0,0.0004106776181
0x2849f44d87e4584b0706eb4a0b3bc88413d15bf9,0.0004106776181
0x24bae0534cf043fe8e666d140fb080dfc12e9274,0.0004106776181
0xe3c78154e518277f4996ed96e79f49f6a12d8202,0.0004106776181
0x30cfc6ae23ad3eb790d3abac5e35756177ed1acf,0.0004106776181
0x31f6db87ad2ec0b99566e06919db7693b03788ac,0.0004106776181
0x7b3586f1844ae9a19830936f47c7e9ba8b8ca662,0.0004106776181
0xe8b3b9b3feff6fa33d9894f8f0c0f03a28452897,0.0004106776181
0x150ceb3f37881d679119ab310632d179e35a683b,0.0004106776181
0x3ca2530629cc73237a894c28f775d05bf5e24e35,0.0004106776181
0xdb69a623597eeae07de8bce2cb24f9aaa57871ef,0.0004106776181
0x0dbed4ff0784c813beddd60db05c10b1dd1cf63b,0.0004106776181
0x29ac23948df7ba0ff99c08ce29a848d019d254f9,0.0004106776181
0x7b512be0425334ce9c46343d881e246e268ad68a,0.0004106776181
0x3ea4cc9cc608500cb9d3fda101ef25f1f73bb523,0.0004106776181
0x8b5300a0be06c028f3ec1c73af866029b4aa7180,0.0004106776181
0x9890bf2c4cc3af62c37742d90badf5b76e386b7f,0.0004106776181
0x83fce806e12fa446ed49c3fd679a2fc20dede7e2,0.0004106776181
0x79515c211e1fc889ac50384c52700becab54f177,0.0004106776181
0x58eda023635895b7d68fb53bda02f82bab6d3808,0.0004106776181
0xeaa9de88cc1ab52909228f69846db24d334e99eb,0.0004106776181
0x4308bb084de88c261c5ff34cee07f1d6ed5e90b0,0.0004106776181
0xcda5f0011dd10aec00d7775af7dd640bb767ab06,0.0004106776181
0x77764cabf9ac353a736f593756d2681abc5947ad,0.0004106776181
0x14614c452bda0e264c630f78c578627c2f732b44,0.0004106776181
0xbb34d6526a634470c2af91a87148dc8a4d5f7c15,0.0004106776181
0x9d51a498ee494e483fc4c7d9f8374af6391250ce,0.0004106776181
0xc235f69bba1772047a8ca34e205ac5f159cd46aa,0.0004106776181
0xe275824b49e2c5a5d1a5cd5418b2b7b486d2d834,0.0004106776181
0xddea796a62bd4032d69a37b552219704b50afef9,0.0004106776181
0x695d4d9ccb1487c90c859f7a97dff1c3840ee3be,0.0004106776181
0xb4dc73ff5b0669a9b1d4c5585f59ba042d04fedd,0.0004106776181
0x1069b0f04a454c235380b3d080b71c795524102a,0.0004106776181
0x089ca729d1ddb656d67ab2a9687ed24f4911c536,0.0004106776181
0xb95b34971fbacc1dfed5fa9930197ca5cbf915a7,0.0004106776181
0xf9b207994acbc75531af2313f5d292e7bdd4215a,0.0004106776181
0xacd02ef4a1583ea758cfac282d3080a205096c57,0.0004106776181
0x51cdf6f83f67f7ce38faf403f219a35183ede152,0.0004106776181
0xc87384e2d8fa827963b307405698f4fe11787850,0.0004106776181
0x38e08b4f38d07d710c148c393c5cba06d23143d2,0.0004106776181
0x3880b1407627e6b37e0480ee83256aea48b00fd8,0.0004106776181
0xf723505842c1c310a3d1d1b3c0f4631933b316d7,0.0004106776181
0x1a7805fded31ed8586e966ebd7bdc8a6d198084b,0.0004106776181
0xa03867863212a6ca629c2d54424899ec74af8b25,0.0004106776181
0x11a0e057de90be011b74bad68621bdf3843c2308,0.0004106776181
0x86faacb00be3f6265eeb543dc5bb649d64e4ca16,0.0004106776181
0x4d36237ba9992d264c745dc6b93d9c62ea250257,0.0004106776181
0xcd2b09bd10a1a162d3257b649109c91237021825,0.0004106776181
0x01395f12a3e5f1bb39648723b9597f442cdffba9,0.0004106776181
0x77749fc69336751af2878198311f25d726336053,0.0004106776181
0x0d7054a347a30b0c87310e901387dc1fd4bed19e,0.0004106776181
0x514254b1c918e63976c117ef8667969f327e75be,0.0004106776181
0x395ce2cd22f3ea33bcaafe0e9b64a46e9a378144,0.0004106776181
0xe76dfbee2741c1b87cffa3ceaacdf2dbc503494d,0.0004106776181
0x42dad328fc30a8f4dbfcccfa6ac808148d57a07a,0.0004106776181
0x67fc9e07a78cdc27fa5ab43a1e82bcca64c26ef3,0.0004106776181
0x6608e2ee09d1c688a84af7d8904d6c2e1dcab4cf,0.0004106776181
0x8d819ed3d388c47ef84e29801c3e21c2b1b4325e,0.0004106776181
0x502c2e74c7169f721112587690a4867b19aa06d6,0.0004106776181
0xa5889d266d96b5df7dc6454b20e88c4b06f6b59e,0.0004106776181
0x0f1917e44b919dfa6b8661724e67b1849e66409e,0.0004106776181
0x4757b12c3160b754f3f012323547e24dcfb3b2c2,0.0004106776181
0xeacbc047486139bdee8a581d66b22ffb980e8868,0.0004106776181
0x591b87685c0e6c044543db8bf54e3369381fb27f,0.0004106776181
0x874a5117dc43df148ff722a0f88190eb58ef2242,0.0004106776181
0xbcac71e30656e1653c0b2435be4ba5907727dbbf,0.0004106776181
0x3a76bc253391af3681698c4ceef194dca6a7273a,0.0004106776181
0x106a5252b949090ef19e32d81c08d579c2965487,0.0004106776181
0xf40217b0f681d2e7716f58a28aebdcf403a025df,0.0004106776181
0x63fb358ee5f4c22023107f72edd055c22fd8fa31,0.0004106776181
0xd5754893671eb9b893785936ad694007ad82f3c2,0.0004106776181
0x2bd7d47e2ab57f98e5bccd762c84cb4e8c91ef11,0.0004106776181
0xd30e961d12a0ffc1bed91621c7b4cb1d3d76fde9,0.0004106776181
0xcaeb2b9ce35c143d972f0995449a19326721f1b1,0.0004106776181
0x4cd88f712e77d5e98e216feb753b18fd315927f4,0.0004106776181
0xc661ca2be56cb8af367bcfc8ef4fb6b7213a7486,0.0004106776181
0x711d6923dc967a09c91e53f15f7fc7ee3d5e2fcb,0.0004106776181
0x20e6f1e7405140b55cc1ce3c3716638212e7ea68,0.0004106776181
0xa9c60777fd1a95602d6c080a72ff02324373f609,0.0004106776181
0xf0141a14d2343d0b88023d0436905a30b9b1f6f9,0.0004106776181
0xfe64fc52a3019ccf02cbbf30adc47f63c3bbf37d,0.0004106776181
0x14c908a60c2e4e6bda83a75b46c5a2673a340724,0.0004106776181
0x613fd0fcc2d9e6f8c3f2d8b702a48008e927a76a,0.0004106776181
0x8538e446029a24ef8e2214cf4c20c4968380356e,0.0004106776181
0x8b4dcc44f449c97d8efbc568fd6165a1166ba3bf,0.0004106776181
0xf8ef026769dd0a7ffa7d028462b70a7534cc2adc,0.0004106776181
0x9029350a58f3ca26b14177b589f6b698e676b1d0,0.0004106776181
0x22b595684da2d5bdcb44d0475d94f5aacd90b5e6,0.0004106776181
0x6d04c2db48a6601d27a00722b4b09c03efd06ffe,0.0004106776181
0x28056063ab32062b5bb1355c7d8c3b2a7d7b5828,0.0004106776181
0xddf10eefb2215b01967b5802e99506e734457b9f,0.0004106776181
0x7103a46abb11dd8d84df40e6b8252684fd651297,0.0004106776181
0xb68fa26ac00b864127b7e3e063add9ca224ab640,0.0004106776181
0xf81f9c3b734651b894d416b47e1425507403fd94,0.0004106776181
0x54e66c082beeda1b18ebf7bcaeb474890fe4f111,0.0004106776181
0x6dbb9d989289bdd2f11ae7b65783ba8cac6027d0,0.0004106776181
0xb6b2ad8f3595d2b82a5142b0a1e858b5421908a7,0.0004106776181
0xf890bd63eb59a6b70aca3850258a7e790a34ef66,0.0004106776181
0x12bedc0870abc5d1f51b72a26f81a8fb37cdb78a,0.0004106776181
0x747076f06361627f3e2a51fd84425f37f9816d8d,0.0004106776181
0x38c6fdd84e18a4cf98a6a5747900bad45c3bfc0f,0.0004106776181
0xbfd4338e2be52b7a82b4dd008dd349adfbd95bd4,0.0004106776181
0x7a0063807e28ba8eb90bfda80d5efee986a4c2cb,0.0004106776181
0x690d8f8c7941c56b23dccc430139fe63d1edd7ba,0.0004106776181
0x2506cbdfd678cdaef51a8731a93ef0c00967810c,0.0004106776181
0x71985763f99283a1f9c3b92dd0dd3644d7dda47e,0.0004106776181
0xa39f23261d57b88b9d03d8d3f0a9e388915e4e7b,0.0004106776181
0xda473376668f5175baa7d87d65987843916af9fc,0.0004106776181
0x75e0a3ec19c35199687de3bbe5ededd40854960a,0.0004106776181
0x0d97a92b6db301a08f097cf5fd772a7f2b250a56,0.0004106776181
0x4ba434b70a1c53144ac52e0cbe4f886851d74af9,0.0004106776181
0xc997a16d3dfb9d569258e113380baf8b5648d80d,0.0004106776181
0x6e9ded49d205cc5297a4b42c3baa9f7332ad15ce,0.0004106776181
0x44b7a3f3f4aea57fc48846aa20b6a10269e810b1,0.0004106776181
0x0127e2f9c8cb3e03f3ec6740326620ebd997c4c7,0.0004106776181
0x53890cb82dbc0fce6064854ecb220222cf9c53b9,0.0004106776181
0x7fe1134b7fc860baa073d437c2636b1fc4d044ba,0.0004106776181
0xbc2e07a461ef6194545c4bbad0e3f64679331ea9,0.0004106776181
0xbd4c9aa915e4f572c31d49fd3814e8669fb3a9a0,0.0004106776181
0xc94c217c8b09ac349328eaa7f7660309a4f3c462,0.0004106776181
0x5c7404cfa34e53661b7e0243f2e96ae0422436e2,0.0004106776181
0x6c681ae4ac7059b88a0b74fc36a7d6b4e3d295a3,0.0004106776181
0x22ed88b20054dbfb4eef651c74c6454100d1c5d7,0.0004106776181
0x77e462f4374e4051845e9bf2e856d315460baeed,0.0004106776181
0x1cab44ffc9873599ce78b9081dac8c26dbacb0af,0.0004106776181
0xe5feca1b98c1cd74d852d31b25d7cab31cb26804,0.0004106776181
0x24803a1083a1350cebb83620848ce0a834a1ad87,0.0004106776181
0xbf017ab476df5273fc02fd89976dd1e8726afe30,0.0004106776181
0xb3e026ef052634a5bb518316cfa09a1304d271d7,0.0004106776181
0xfa232c4a0e972861014787a964c4a4a1313de838,0.0004106776181
0xec983cd82400424f1dce55e7dabc126679ba3d72,0.0004106776181
0xdade62f4b12766128b92e553a79fde483b7b5356,0.0004106776181
0x7309b4a7a28f526e78b5f45d979ba33d01b50528,0.0004106776181
0xe6fa52a0e0fff5b1d2d062f9477c741cec574aa2,0.0004106776181
0xcbe3c525a69dd21942127d22e9dca8e4e4a06074,0.0004106776181
0x3c6cf5b85b44801fa06a0bfab66197322e0327d8,0.0004106776181
0x16ba9dc16b41deabf000d82b798723a8d62ae433,0.0004106776181
0x1a1d8a4da8d4c67e13c7ab22ea403ba747943cd4,0.0004106776181
0x8551b34911b17dec7671703afadff5b014cb4c95,0.0004106776181
0xc6ea9f56dc770309a4c4e7ab947feca7f6ef4f1d,0.0004106776181
0xea77d03fa33ccfd0dc67b9eecdae06a3e0a2caa2,0.0004106776181
0xf3dacb577e0244080524732c63689ed214e61b61,0.0004106776181
0x0a6eb6e45882010f243b12da47c4f2289d503758,0.0004106776181
0xc434a676a93ff78de87d1a872d99a43a5feb5158,0.0004106776181
0xec0ef84f91cb53c90376c5c9d5f0ad39fcd67038,0.0004106776181
0x91be053f5b16bad5ec5021d4ca0c9dc9faedfc16,0.0004106776181
0x9f8a260e1a7d8b1443c8199536c67de56700d289,0.0004106776181
0x411e59810752679948a6b489d1247225b340bc60,0.0004106776181
0x2a59580d2d10ffd680a7ea3a6de10d500ae1286a,0.0004106776181
0x190aed9168534d9c8cec7bbba11b00b450813b8d,0.0004106776181
0xefe1e9ff747e18c6a6f93d9b6ebd16347ba9269f,0.0004106776181
0x598d9a0388af617cfe745817473c64c10967bcca,0.0004106776181
0x7dd24520cf1ac766505b1e8c00674ee53f7837db,0.0004106776181
0x0677d15117e27d1e0da33a670b7bb8771b24f4a9,0.0004106776181
0x8c10155db7fa0d47840602e2bbc24d93b49b6985,0.0004106776181
0xc492cbb19aa66b829ba5ee42fb94e73bc724a6f8,0.0004106776181
0xfb85fda4612ea1e24e89d4269ceb97b88ecd7bb1,0.0004106776181
0x56475d37805cccac8992c72cbd3bb451d746d504,0.0004106776181
0xd43b1a08310d734d760cf924744f505b6af8c64d,0.0004106776181
0x4b870981de9cbab5cd87586491c8bc6b36d43682,0.0004106776181
0x3922bdc4816d9412108bca5fbb6cc03c333c342c,0.0004106776181
0xf3288ae3ea4dd9ec063a99230e9157faf1162596,0.0004106776181
0x298f10d48d64267a49c1d41cd6d5c5c5a574f94a,0.0004106776181
0x39e279fddfefd884229204ecb0949cf1055b928c,0.0004106776181
0x58ec699950f145dac4da9df437f5ed6216376b97,0.0004106776181
0xd091c288e92cfbeedb6d7ef6db98f0d5f5549572,0.0004106776181
0xc7effcfccf932feefe7e3c8bd3606593c735816c,0.0004106776181
0xcbe35812528c7f95d32e0c6ced11bd96115e8bb0,0.0004106776181
0x08703bf7803ad30b813846175cc00984e31f22a2,0.0004106776181
0x288e1a5d8b1933fc424001426b2a2507bd203185,0.0004106776181
0xfb09af18a7699d2723169b050f4153badb0f0987,0.0004106776181
0x8b3cf8abd9313b2067bf0d273b478cc666b1afe1,0.0004106776181
0x093e1228383d547c50b54b8f389bed3ebbc2113c,0.0004106776181
0xb9bd589516eed8be96b35938448ef3558a1db267,0.0004106776181
0x77536d36927fa24943b70ed74141c73e71747370,0.0004106776181
0x337f57cda4cf974605e00bcc110b918ab1e55ae0,0.0004106776181
0xffb2092898fd17f334856e122a47e6e49d1ef770,0.0004106776181
0x6449a4ad2a84bf3206e8816e2d25268f534f7d36,0.0004106776181
0x435f72550035d5c98f056d029c2f7f08ca610e31,0.0004106776181
0xef9785e505848d6f89cd683f270e1547fc3d8269,0.0004106776181
0x73f7bfcfae9d41f2f210e7ec2d1ee599605f0aba,0.0004106776181
0xce8af52fb87f8e1158af82b65dae503860b80fc4,0.0004106776181
0x36e161b290cd6da4d44343f7d897f641a8384a07,0.0004106776181
0x34922627b7244d47729f03b33eb45d8d263d116b,0.0004106776181
0x0c4aaed00ba1ca188b5935cbe2b9dfc37d934142,0.0004106776181
0xf18b5c982fe9dacb283636a7abd2584536ed3e05,0.0004106776181
0x9479527383274275905fca45ba89a67e273ee561,0.0004106776181
0xc17e759d868cc43255a537bcea1117ccbd16f630,0.0004106776181
0xa5b7b4eb029295159d9b3df038b343a2169032d3,0.0004106776181
0xf3b16b6269b6906bae74c88f22d836625bd18da0,0.0004106776181
0x8f9152993b0f75e10dcf563417242f3b9df82fd6,0.0004106776181
0xe05e72ec675e9a79d342008432bcda1567e6b1cc,0.0004106776181
0x67e26a4b6dd431d1687ec6d1e2a6e5249aa5cdda,0.0004106776181
0x6e30f9d34f0fa9ec4b41897c301bdb913a659d9a,0.0004106776181
0x15f71d0736c1ee1c422a87c8731839a65efb6c61,0.0004106776181
0xfb02e92918537b3a2e0f549c2625d0fc3e4f174f,0.0004106776181
0x3140a818452654af0efe2cd579aab7af06d8e3ed,0.0004106776181
0xd7e049e865850549679e1762ed6cf970d31eeeee,0.0004106776181
0x0bea5fde39676c29733c392179d269960e7d48f5,0.0004106776181
0x7757f91614e14e52bd1df2567991918b01ca7a69,0.0004106776181
0x0e8179c459adbc5e444842b63901a9cbd190f968,0.0004106776181
0x20991ed66d61b48363ca70baeb078226b3f5b424,0.0004106776181
0x1d8613d9f9f88629084b616928935a0f3bcd9244,0.0004106776181
0xc6e72a62dc17615275685cf177afc6add25fc2f3,0.0004106776181
0x2f0bd903c2428b49ca023e06e25b84152384f3e0,0.0004106776181
0x139f613ed599f6b59d532ab4bb7ce9edc88aead4,0.0004106776181
0xf4779a069a1d70e03e9757c96513cbc36a77a738,0.0004106776181
0x2ad7f892eb8ee6d34ae7cdbcab8305d6db151996,0.0004106776181
0x0049f9bbdd8af910965a908abe9bc261729c4e3a,0.0004106776181
0xc99e5a8433a6d46c6e096092f0ea71dfede21b2a,0.0004106776181
0x4147d2b162572468c298fb13d7a98ccae5ce3200,0.0004106776181
0x4b65bc46cd4caa4d97e734baa9855ce4b0b1873f,0.0004106776181
0xc90d158a376e00726da0b96a3bdd4824a2f0e80e,0.0004106776181
0x07889defeb525f614a0293ca49036f7950f6dbac,0.0004106776181
0xcb3fa7fe3ef7f8302d1de2a0cdbfe915a8a7cbef,0.0004106776181
0x0cc720fdd93b2ef7ce005fe46fad5df6703d200c,0.0004106776181
0x6606aad170ea9155abf7eb9d5074105eca63acd4,0.0004106776181
0xa626bd097dc4f2a98402f073c8b3a345513809f6,0.0004106776181
0x6cfe8f1373a84a611d4cb54e2d30b9a5a0553b29,0.0004106776181
0x6cbf96492a201ca948dc069c96b23338aea2201b,0.0004106776181
0x677084a08bdc7f5cecc2a26fab726fe549b11cd0,0.0004106776181
0xf7dd9595da3ad8954abcafbbc3edddcff2484d4b,0.0004106776181
0xb4d734cb14a61e2a51685ab3e39e2d0d4a1cbe59,0.0004106776181
0xb495cd2b7676fd41c8fa57a1a5e16f1b4a6d222e,0.0004106776181
0x66a1828b9cc651669f296853e166c8a028cb35bd,0.0004106776181
0xe79415e5450c48a5af10fa4a0d69c765196d9593,0.0004106776181
0x7a27a54f30bb11d64b554f3dcdc83ff10a4f80f0,0.0004106776181
0x8257a99abb84ed1caeec8c07441d7a65e09df182,0.0004106776181
0x763f63d24ffa6a1f26d24e054c96c9392248c812,0.0004106776181
0x36a35a7b7ce9366f2f1dbb99ff8e73bc579caaec,0.0004106776181
0xfabd3a8c426f25316d181df431664e5c92c5f099,0.0004106776181
0x51d2bf026fde1ce087c178d9ce3f91fdebf054e6,0.0004106776181
0x9debadcaae4820092c8ff7dc741c9ec7d9e95027,0.0004106776181
0x07e6b5ada42e1155bc13a689f74b2d306a8147e0,0.0004106776181
0x9443a8596d46de7a401e7048461bb3aaa9cb69d5,0.0004106776181
0x7a56e39127330a49cb821631e75387020c048291,0.0004106776181
0x282522f1ba0329abcd8cd2f43add5b0f0090feb6,0.0004106776181
0x371fa3715f8eb10d9a9a9bb89d03e2b3b3722a35,0.0004106776181
0x4eb49db2c0a1bad8c48a64d68d8525bd01f9de0b,0.0004106776181
0x2d23382a9d33398854d13c8ae3f52d59ed54fed3,0.0004106776181
0x797c0ab050a2f90f4ebc48f6ecd00aeb40a24b32,0.0004106776181
0x3eb70a0ebbbc7b822a2a4ab7351d33d039c138ab,0.0004106776181
0xc41a21518b65eebc1b453ecfc1589a01a091ed78,0.0004106776181
0x55b0d3b77047071b130285659fead910691dd35b,0.0004106776181
0x40f426f285f844315fee05b01c353b068c181780,0.0004106776181
0xfec208869b185c4f4dc08dc52349d1d0bb2bc03d,0.0004106776181
0xeccb9b9c6fb7590a4d0588953b3170a1a84e3341,0.0004106776181
0x7166336143d9a5a0b42bb3b5097b7a0914e0c8c8,0.0004106776181
0xc3f346f3fbb71d6f041df634f424383d08d4dc1a,0.0004106776181
0x389d9058f8d3450e1319bed8f7f916ba7fabfe92,0.0004106776181
0xd7c95c5bd5c13104a00bf96301fa9c2d7e1682f1,0.0004106776181
0xe624b9704c9b2b14ea68d389eabf35e06647623c,0.0004106776181
0xb8513a0db8a905eda6be2cdcceea88fb588abead,0.0004106776181
0xde28413337bbb8ef7ab458a85ccf15ff57471cb3,0.0004106776181
0x1782cea0d026430ad4b410697c2df05a104efa9b,0.0004106776181
0x3f659c397689c55984c398c5aa76d50aaac9c994,0.0004106776181
0x08d2a68cb6fdcaa297a79150d09d49563694b150,0.0004106776181
0xac928e08ed503988408754b6adc9ada025b2e112,0.0004106776181
0xee1ee2b26c75f1c0f27b172a2dd6125c1afa7a17,0.0004106776181
0xcfe43a25b32c9c3308faa16f7e0994e31ed73ef5,0.0004106776181
0xa118ffe82b47faf71fe84e7328018df3ff5b52d3,0.0004106776181
0x9ee38294c924c4ef8d450382c96c6d20d1664c93,0.0004106776181
0x279bfb5d39098e8a5ff4fef1239cf842099ea43e,0.0004106776181
0x9ce6d5911e9b137e553e853f98564e68fc59d495,0.0004106776181
0xb0eb53e2bf14dd6d68b3d823dac1a3d97b3e2025,0.0004106776181
0x0cafbecee99ae41b631cd8ecf0a1ae6b084610c7,0.0004106776181
0x516844c12ad4247166975d2f171d949e09526522,0.0004106776181
0x366906cf888daddd1392e01619f79c6a90541523,0.0004106776181
0x1adcf07389b1f6605c44a7683c50a5243829a92c,0.0004106776181
0x5800c36d10341c6f3ebb090035e03002206295b6,0.0004106776181
0x177ab764787154899dc16ff5bbe384d8296bbafd,0.0004106776181
0x8a19c601500fb1e02b3426391e040158221b467e,0.0004106776181
0xc33b424903deb0e81b1a04ef13377c9ad7ae924b,0.0004106776181
0xb7dffece1f671f4429078cacfc4737db151684bf,0.0004106776181
0x1ac932ca29bcce263ae715566cc2257c04675edc,0.0004106776181
0x2f062d9aa98209d2c79a744b0d4ef203d363b7d6,0.0004106776181
0xefd944c07ca9c5d670d374ed27de0e849311fb13,0.0004106776181
0x7543cdae044decdb07b5ccd67f2704f783daf8ca,0.0004106776181
0x6c1178981165cb0191b214c3e55f1787393eee6c,0.0004106776181
0xbde28bdfb648cefcde8d359e09d6eb6e29194e47,0.0004106776181
0x5e8b599da9aacd389fbd49a0245c55944a1f84fb,0.0004106776181
0x0725a67969717ec53325b97f3e563429be4a3a76,0.0004106776181
0x5af697d2b6b28ad4eea975e19952b93e8507f66b,0.0004106776181
0x2b0f0ef985b16f2c06961e409637aa7c579395ed,0.0004106776181
0x26ca4e78d11561dc35364d236b4187279d82fe9f,0.0004106776181
0x23d309ba929fa6f8ab47e23f70c38f00a4d2ba92,0.0004106776181
0xb2415ac5c12331c2d5f96201ee32f0d3d92fe028,0.0004106776181
0xef164cf59671120646d8429c77347e22ee1926ce,0.0004106776181
0xd9c1316d0aa46730f92d85dad3098e4fe85d887f,0.0004106776181
0x700e5e41ee18455540256c4e6f055a4ce9bdbd7c,0.0004106776181
0x0f15a736a9fdb6698633e62c6352bc53847cbee8,0.0004106776181
0x71325b47242ca460b4ce1749e6c5c559801951d9,0.0004106776181
0xfc4d4ace6c2d46b6bd4c5c9a05fcaa736f31fafc,0.0004106776181
0x4c0059865063949683bc8ab570ccc8dbc22209c7,0.0004106776181
0x8c5e505434a17860056742e967bc5c317763d740,0.0004106776181
0x88510b47384dede52dc002a0742e547c10f73675,0.0004106776181
0x4840adf76fd37b89c151dbce1c23b822dd843356,0.0004106776181
0x7d5e00c155b1e061ab7e760d1ee9f0b65561a223,0.0004106776181
0xd4af14036226363645347522cc044ced4517b5e5,0.0004106776181
0x36a69187a29e332792a5cc716408904102d3709e,0.0004106776181
0xa551ae4d0e3e190cb222cde8e4a27b1b556e953f,0.0004106776181
0xeb0e6ecd0e78b0a84ecd9663a041f453c454a99d,0.0004106776181
0xcb4ac699bf969b156702bd0858712c8729901f28,0.0004106776181
0x24568882a4b8643cf488201cadd22f8d9b64c9a0,0.0004106776181
0x74f61c568406714c6b2caefc4a75cde363dfccc7,0.0004106776181
0xe6cf338890b566d899a8f89960fbe6c702ecc1fc,0.0004106776181
0xfdbe81a7fd4c020aab394959c1fe37777795e437,0.0004106776181
0x6a908dfd95c6b6dafbd7de5306149f599cd11817,0.0004106776181
0x573c681b4b668ad6ad3b2cdea091cf03d304df83,0.0004106776181
0xe942d01b7ac4f57762ebfc92e960b9d261c09d51,0.0004106776181